1,4,16,60,1,95076
4,5,16,60,1,95076
5,4,16,60,1,95076
7,4,16,60,1,95076
8,5,16,60,1,95076
9,4,16,60,1,95076
11,5,16,60,1,95076
12,5,16,60,1,95076
15,3,16,60,1,95076
17,4,16,60,1,95076
19,3,16,60,1,95076
21,3,16,60,1,95076
22,4,16,60,1,95076
23,5,16,60,1,95076
24,4,16,60,1,95076
25,4,16,60,1,95076
28,3,16,60,1,95076
30,4,16,60,1,95076
31,3,16,60,1,95076
32,5,16,60,1,95076
42,4,16,60,1,95076
44,4,16,60,1,95076
45,4,16,60,1,95076
47,4,16,60,1,95076
48,4,16,60,1,95076
49,3,16,60,1,95076
50,5,16,60,1,95076
54,2,16,60,1,95076
55,3,16,60,1,95076
56,5,16,60,1,95076
58,3,16,60,1,95076
59,4,16,60,1,95076
60,3,16,60,1,95076
61,3,16,60,1,95076
64,4,16,60,1,95076
65,3,16,60,1,95076
66,4,16,60,1,95076
68,4,16,60,1,95076
69,2,16,60,1,95076
70,4,16,60,1,95076
71,4,16,60,1,95076
72,4,16,60,1,95076
73,3,16,60,1,95076
74,4,16,60,1,95076
77,3,16,60,1,95076
79,4,16,60,1,95076
81,5,16,60,1,95076
82,4,16,60,1,95076
85,4,16,60,1,95076
87,4,16,60,1,95076
88,4,16,60,1,95076
89,5,16,60,1,95076
91,4,16,60,1,95076
92,4,16,60,1,95076
95,4,16,60,1,95076
96,4,16,60,1,95076
97,1,16,60,1,95076
98,3,16,60,1,95076
99,4,16,60,1,95076
100,5,16,60,1,95076
107,4,16,60,1,95076
109,3,16,60,1,95076
116,4,16,60,1,95076
117,3,16,60,1,95076
118,3,16,60,1,95076
121,3,16,60,1,95076
122,4,16,60,1,95076
123,3,16,60,1,95076
124,4,16,60,1,95076
127,4,16,60,1,95076
129,5,16,60,1,95076
131,4,16,60,1,95076
132,3,16,60,1,95076
133,3,16,60,1,95076
134,5,16,60,1,95076
135,5,16,60,1,95076
139,3,16,60,1,95076
141,3,16,60,1,95076
143,4,16,60,1,95076
144,3,16,60,1,95076
147,3,16,60,1,95076
148,3,16,60,1,95076
151,4,16,60,1,95076
152,5,16,60,1,95076
153,5,16,60,1,95076
154,4,16,60,1,95076
156,4,16,60,1,95076
157,5,16,60,1,95076
160,4,16,60,1,95076
161,3,16,60,1,95076
162,4,16,60,1,95076
163,4,16,60,1,95076
164,4,16,60,1,95076
165,3,16,60,1,95076
166,3,16,60,1,95076
168,4,16,60,1,95076
169,5,16,60,1,95076
170,3,16,60,1,95076
171,4,16,60,1,95076
172,4,16,60,1,95076
174,4,16,60,1,95076
175,5,16,60,1,95076
176,4,16,60,1,95076
177,5,16,60,1,95076
178,4,16,60,1,95076
179,4,16,60,1,95076
180,5,16,60,1,95076
181,4,16,60,1,95076
182,5,16,60,1,95076
183,4,16,60,1,95076
184,4,16,60,1,95076
185,4,16,60,1,95076
186,4,16,60,1,95076
187,5,16,60,1,95076
191,4,16,60,1,95076
192,5,16,60,1,95076
193,3,16,60,1,95076
194,5,16,60,1,95076
195,5,16,60,1,95076
196,3,16,60,1,95076
197,3,16,60,1,95076
198,3,16,60,1,95076
199,4,16,60,1,95076
200,5,16,60,1,95076
201,5,16,60,1,95076
202,4,16,60,1,95076
203,5,16,60,1,95076
204,4,16,60,1,95076
205,3,16,60,1,95076
208,4,16,60,1,95076
209,4,16,60,1,95076
210,4,16,60,1,95076
211,4,16,60,1,95076
213,4,16,60,1,95076
214,2,16,60,1,95076
215,3,16,60,1,95076
216,3,16,60,1,95076
218,5,16,60,1,95076
219,3,16,60,1,95076
223,4,16,60,1,95076
226,3,16,60,1,95076
230,4,16,60,1,95076
231,3,16,60,1,95076
233,3,16,60,1,95076
234,3,16,60,1,95076
235,3,16,60,1,95076
237,3,16,60,1,95076
238,5,16,60,1,95076
239,3,16,60,1,95076
241,4,16,60,1,95076
248,4,16,60,1,95076
254,2,16,60,1,95076
255,4,16,60,1,95076
257,4,16,60,1,95076
259,3,16,60,1,95076
264,2,16,60,1,95076
265,3,16,60,1,95076
273,2,16,60,1,95076
274,3,16,60,1,95076
275,4,16,60,1,95076
276,4,16,60,1,95076
283,3,16,60,1,95076
284,4,16,60,1,95076
285,5,16,60,1,95076
288,4,16,60,1,95076
291,3,16,60,1,95076
293,4,16,60,1,95076
294,3,16,60,1,95076
295,3,16,60,1,95076
298,5,16,60,1,95076
309,1,16,60,1,95076
313,3,16,60,1,95076
318,4,16,60,1,95076
319,4,16,60,1,95076
321,3,16,60,1,95076
322,2,16,60,1,95076
356,3,16,60,1,95076
357,4,16,60,1,95076
365,3,16,60,1,95076
367,4,16,60,1,95076
371,3,16,60,1,95076
378,3,16,60,1,95076
382,4,16,60,1,95076
385,4,16,60,1,95076
392,4,16,60,1,95076
393,4,16,60,1,95076
396,4,16,60,1,95076
402,4,16,60,1,95076
403,4,16,60,1,95076
404,3,16,60,1,95076
408,5,16,60,1,95076
410,4,16,60,1,95076
411,4,16,60,1,95076
417,3,16,60,1,95076
419,4,16,60,1,95076
420,4,16,60,1,95076
423,5,16,60,1,95076
425,4,16,60,1,95076
427,4,16,60,1,95076
428,5,16,60,1,95076
429,4,16,60,1,95076
430,4,16,60,1,95076
432,4,16,60,1,95076
433,5,16,60,1,95076
434,4,16,60,1,95076
435,4,16,60,1,95076
436,4,16,60,1,95076
443,3,16,60,1,95076
447,4,16,60,1,95076
448,3,16,60,1,95076
449,3,16,60,1,95076
452,2,16,60,1,95076
455,4,16,60,1,95076
461,4,16,60,1,95076
463,4,16,60,1,95076
466,5,16,60,1,95076
467,4,16,60,1,95076
469,5,16,60,1,95076
471,3,16,60,1,95076
472,2,16,60,1,95076
473,3,16,60,1,95076
475,4,16,60,1,95076
477,4,16,60,1,95076
479,5,16,60,1,95076
480,4,16,60,1,95076
481,4,16,60,1,95076
482,5,16,60,1,95076
483,3,16,60,1,95076
484,3,16,60,1,95076
485,3,16,60,1,95076
486,4,16,60,1,95076
487,4,16,60,1,95076
488,4,16,60,1,95076
490,4,16,60,1,95076
492,3,16,60,1,95076
493,3,16,60,1,95076
494,5,16,60,1,95076
495,3,16,60,1,95076
496,3,16,60,1,95076
498,5,16,60,1,95076
499,3,16,60,1,95076
501,4,16,60,1,95076
502,5,16,60,1,95076
504,4,16,60,1,95076
505,3,16,60,1,95076
506,4,16,60,1,95076
507,3,16,60,1,95076
509,4,16,60,1,95076
510,3,16,60,1,95076
511,5,16,60,1,95076
512,5,16,60,1,95076
513,3,16,60,1,95076
514,4,16,60,1,95076
515,3,16,60,1,95076
516,4,16,60,1,95076
517,4,16,60,1,95076
519,4,16,60,1,95076
520,4,16,60,1,95076
521,3,16,60,1,95076
522,3,16,60,1,95076
523,4,16,60,1,95076
525,5,16,60,1,95076
526,3,16,60,1,95076
528,3,16,60,1,95076
530,4,16,60,1,95076
531,4,16,60,1,95076
537,4,16,60,1,95076
546,3,16,60,1,95076
550,4,16,60,1,95076
558,4,16,60,1,95076
559,4,16,60,1,95076
566,4,16,60,1,95076
567,4,16,60,1,95076
568,5,16,60,1,95076
569,3,16,60,1,95076
578,2,16,60,1,95076
579,3,16,60,1,95076
581,4,16,60,1,95076
582,3,16,60,1,95076
583,4,16,60,1,95076
584,4,16,60,1,95076
588,5,16,60,1,95076
589,4,16,60,1,95076
591,3,16,60,1,95076
597,3,16,60,1,95076
602,4,16,60,1,95076
603,5,16,60,1,95076
605,4,16,60,1,95076
607,3,16,60,1,95076
609,4,16,60,1,95076
610,4,16,60,1,95076
611,4,16,60,1,95076
613,4,16,60,1,95076
614,3,16,60,1,95076
615,3,16,60,1,95076
616,2,16,60,1,95076
618,4,16,60,1,95076
628,3,16,60,1,95076
629,4,16,60,1,95076
632,3,16,60,1,95076
633,4,16,60,1,95076
634,4,16,60,1,95076
637,3,16,60,1,95076
640,4,16,60,1,95076
641,4,16,60,1,95076
642,5,16,60,1,95076
646,5,16,60,1,95076
648,4,16,60,1,95076
649,4,16,60,1,95076
653,5,16,60,1,95076
654,5,16,60,1,95076
655,4,16,60,1,95076
656,3,16,60,1,95076
657,4,16,60,1,95076
659,3,16,60,1,95076
660,3,16,60,1,95076
661,4,16,60,1,95076
663,5,16,60,1,95076
664,5,16,60,1,95076
665,4,16,60,1,95076
671,4,16,60,1,95076
673,4,16,60,1,95076
675,4,16,60,1,95076
678,3,16,60,1,95076
679,4,16,60,1,95076
684,3,16,60,1,95076
686,4,16,60,1,95076
692,3,16,60,1,95076
693,3,16,60,1,95076
699,4,16,60,1,95076
705,5,16,60,1,95076
708,4,16,60,1,95076
709,3,16,60,1,95076
712,4,16,60,1,95076
715,5,16,60,1,95076
729,3,16,60,1,95076
732,4,16,60,1,95076
736,3,16,60,1,95076
739,4,16,60,1,95076
741,4,16,60,1,95076
742,4,16,60,1,95076
746,4,16,60,1,95076
747,3,16,60,1,95076
755,3,16,60,1,95076
770,4,16,60,1,95076
778,3,16,60,1,95076
792,3,16,60,1,95076
802,3,16,60,1,95076
805,4,16,60,1,95076
806,4,16,60,1,95076
811,4,16,60,1,95076
822,4,16,60,1,95076
824,3,16,60,1,95076
825,4,16,60,1,95076
826,3,16,60,1,95076
842,3,16,60,1,95076
843,3,16,60,1,95076
848,4,16,60,1,95076
853,5,16,60,1,95076
856,4,16,60,1,95076
863,3,16,60,1,95076
921,4,16,60,1,95076
928,4,16,60,1,95076
942,3,16,60,1,95076
945,4,16,60,1,95076
959,3,16,60,1,95076
962,4,16,60,1,95076
965,4,16,60,1,95076
966,3,16,60,1,95076
968,4,16,60,1,95076
1006,4,16,60,1,95076
1019,4,16,60,1,95076
1021,4,16,60,1,95076
1028,2,16,60,1,95076
1045,4,16,60,1,95076
1046,4,16,60,1,95076
1047,3,16,60,1,95076
1065,5,16,60,1,95076
1073,3,16,60,1,95076
1074,3,16,60,1,95076
1118,4,16,60,1,95076
1121,3,16,60,1,95076
1126,3,16,60,1,95076
1135,4,16,60,1,95076
1140,4,16,60,1,95076
1147,4,16,60,1,95076
1154,2,16,60,1,95076
1169,5,16,60,1,95076
1197,4,16,60,1,95076
1211,3,16,60,1,95076
1252,3,16,60,1,95076
1286,3,16,60,1,95076
1404,4,16,60,1,95076
1411,4,16,60,1,95076
1421,4,16,60,1,95076
1456,4,16,60,1,95076
1515,4,16,60,1,95076
1,5,17,21,1,31211
4,4,17,21,1,31211
9,5,17,21,1,31211
11,5,17,21,1,31211
28,5,17,21,1,31211
39,5,17,21,1,31211
50,5,17,21,1,31211
56,5,17,21,1,31211
64,5,17,21,1,31211
92,4,17,21,1,31211
98,4,17,21,1,31211
100,5,17,21,1,31211
108,4,17,21,1,31211
111,3,17,21,1,31211
117,5,17,21,1,31211
121,4,17,21,1,31211
156,5,17,21,1,31211
168,5,17,21,1,31211
181,3,17,21,1,31211
200,4,17,21,1,31211
201,5,17,21,1,31211
208,4,17,21,1,31211
218,5,17,21,1,31211
222,5,17,21,1,31211
235,4,17,21,1,31211
237,5,17,21,1,31211
240,2,17,21,1,31211
246,4,17,21,1,31211
248,5,17,21,1,31211
249,5,17,21,1,31211
250,3,17,21,1,31211
252,1,17,21,1,31211
257,4,17,21,1,31211
268,4,17,21,1,31211
276,4,17,21,1,31211
291,5,17,21,1,31211
294,5,17,21,1,31211
298,4,17,21,1,31211
301,3,17,21,1,31211
313,4,17,21,1,31211
327,5,17,21,1,31211
340,5,17,21,1,31211
346,5,17,21,1,31211
347,4,17,21,1,31211
426,3,17,21,1,31211
461,5,17,21,1,31211
476,1,17,21,1,31211
546,4,17,21,1,31211
591,5,17,21,1,31211
652,4,17,21,1,31211
682,4,17,21,1,31211
710,4,17,21,1,31211
742,3,17,21,1,31211
748,4,17,21,1,31211
815,3,17,21,1,31211
845,5,17,21,1,31211
895,2,17,21,1,31211
926,4,17,21,1,31211
941,3,17,21,1,31211
952,4,17,21,1,31211
1016,5,17,21,1,31211
1067,2,17,21,1,31211
1,4,5,33,1,97006
7,5,5,33,1,97006
8,4,5,33,1,97006
50,5,5,33,1,97006
56,5,5,33,1,97006
69,5,5,33,1,97006
70,5,5,33,1,97006
71,5,5,33,1,97006
78,1,5,33,1,97006
89,5,5,33,1,97006
98,3,5,33,1,97006
114,5,5,33,1,97006
116,5,5,33,1,97006
127,1,5,33,1,97006
132,4,5,33,1,97006
133,5,5,33,1,97006
135,5,5,33,1,97006
140,1,5,33,1,97006
151,4,5,33,1,97006
163,4,5,33,1,97006
164,4,5,33,1,97006
168,5,5,33,1,97006
169,5,5,33,1,97006
172,5,5,33,1,97006
173,5,5,33,1,97006
174,5,5,33,1,97006
175,4,5,33,1,97006
177,2,5,33,1,97006
181,5,5,33,1,97006
185,1,5,33,1,97006
189,4,5,33,1,97006
190,2,5,33,1,97006
191,1,5,33,1,97006
194,5,5,33,1,97006
204,3,5,33,1,97006
209,5,5,33,1,97006
214,5,5,33,1,97006
222,4,5,33,1,97006
227,4,5,33,1,97006
228,4,5,33,1,97006
234,3,5,33,1,97006
238,4,5,33,1,97006
357,5,5,33,1,97006
408,5,5,33,1,97006
418,3,5,33,1,97006
432,5,5,33,1,97006
473,5,5,33,1,97006
474,5,5,33,1,97006
495,4,5,33,1,97006
496,3,5,33,1,97006
501,4,5,33,1,97006
507,5,5,33,1,97006
509,5,5,33,1,97006
521,1,5,33,1,97006
529,5,5,33,1,97006
549,3,5,33,1,97006
588,4,5,33,1,97006
596,5,5,33,1,97006
663,5,5,33,1,97006
713,3,5,33,1,97006
969,4,5,33,1,97006
993,4,5,33,1,97006
1012,4,5,33,1,97006
1039,2,5,33,1,97006
1149,5,5,33,1,97006
1,4,11,30,0,22903
2,3,11,30,0,22903
3,2,11,30,0,22903
4,3,11,30,0,22903
5,4,11,30,0,22903
7,4,11,30,0,22903
8,5,11,30,0,22903
9,5,11,30,0,22903
11,5,11,30,0,22903
12,5,11,30,0,22903
13,5,11,30,0,22903
22,5,11,30,0,22903
29,3,11,30,0,22903
31,4,11,30,0,22903
33,3,11,30,0,22903
38,3,11,30,0,22903
40,5,11,30,0,22903
50,3,11,30,0,22903
53,5,11,30,0,22903
54,2,11,30,0,22903
56,5,11,30,0,22903
58,4,11,30,0,22903
62,3,11,30,0,22903
66,5,11,30,0,22903
67,4,11,30,0,22903
68,3,11,30,0,22903
69,4,11,30,0,22903
70,4,11,30,0,22903
71,4,11,30,0,22903
72,4,11,30,0,22903
73,3,11,30,0,22903
76,2,11,30,0,22903
77,3,11,30,0,22903
79,4,11,30,0,22903
80,3,11,30,0,22903
82,2,11,30,0,22903
86,4,11,30,0,22903
88,3,11,30,0,22903
90,4,11,30,0,22903
92,3,11,30,0,22903
94,2,11,30,0,22903
95,5,11,30,0,22903
96,4,11,30,0,22903
98,5,11,30,0,22903
99,2,11,30,0,22903
100,3,11,30,0,22903
102,5,11,30,0,22903
103,3,11,30,0,22903
111,4,11,30,0,22903
112,3,11,30,0,22903
117,5,11,30,0,22903
118,2,11,30,0,22903
125,2,11,30,0,22903
126,3,11,30,0,22903
127,5,11,30,0,22903
128,3,11,30,0,22903
132,4,11,30,0,22903
135,4,11,30,0,22903
140,4,11,30,0,22903
142,4,11,30,0,22903
144,2,11,30,0,22903
145,3,11,30,0,22903
153,5,11,30,0,22903
155,5,11,30,0,22903
156,4,11,30,0,22903
157,3,11,30,0,22903
158,2,11,30,0,22903
159,4,11,30,0,22903
161,4,11,30,0,22903
162,3,11,30,0,22903
167,4,11,30,0,22903
172,3,11,30,0,22903
173,3,11,30,0,22903
174,3,11,30,0,22903
176,3,11,30,0,22903
180,4,11,30,0,22903
181,3,11,30,0,22903
182,3,11,30,0,22903
183,3,11,30,0,22903
195,3,11,30,0,22903
197,2,11,30,0,22903
200,5,11,30,0,22903
202,3,11,30,0,22903
203,4,11,30,0,22903
204,3,11,30,0,22903
210,2,11,30,0,22903
215,3,11,30,0,22903
216,5,11,30,0,22903
217,3,11,30,0,22903
218,4,11,30,0,22903
219,2,11,30,0,22903
220,5,11,30,0,22903
222,3,11,30,0,22903
225,4,11,30,0,22903
226,3,11,30,0,22903
227,3,11,30,0,22903
228,3,11,30,0,22903
229,3,11,30,0,22903
230,3,11,30,0,22903
231,3,11,30,0,22903
232,3,11,30,0,22903
233,4,11,30,0,22903
234,3,11,30,0,22903
235,5,11,30,0,22903
237,3,11,30,0,22903
239,3,11,30,0,22903
241,2,11,30,0,22903
245,3,11,30,0,22903
265,4,11,30,0,22903
274,5,11,30,0,22903
276,5,11,30,0,22903
282,3,11,30,0,22903
284,3,11,30,0,22903
286,4,11,30,0,22903
288,5,11,30,0,22903
294,2,11,30,0,22903
313,3,11,30,0,22903
315,5,11,30,0,22903
316,5,11,30,0,22903
318,5,11,30,0,22903
322,4,11,30,0,22903
323,2,11,30,0,22903
324,5,11,30,0,22903
364,3,11,30,0,22903
367,5,11,30,0,22903
379,5,11,30,0,22903
380,2,11,30,0,22903
381,3,11,30,0,22903
384,4,11,30,0,22903
385,5,11,30,0,22903
387,4,11,30,0,22903
388,2,11,30,0,22903
389,5,11,30,0,22903
392,5,11,30,0,22903
393,4,11,30,0,22903
402,4,11,30,0,22903
403,3,11,30,0,22903
404,3,11,30,0,22903
405,2,11,30,0,22903
409,3,11,30,0,22903
411,3,11,30,0,22903
416,5,11,30,0,22903
419,3,11,30,0,22903
420,3,11,30,0,22903
423,5,11,30,0,22903
431,4,11,30,0,22903
448,3,11,30,0,22903
449,3,11,30,0,22903
451,5,11,30,0,22903
452,2,11,30,0,22903
465,3,11,30,0,22903
468,4,11,30,0,22903
471,3,11,30,0,22903
472,2,11,30,0,22903
476,5,11,30,0,22903
483,4,11,30,0,22903
486,5,11,30,0,22903
496,5,11,30,0,22903
499,4,11,30,0,22903
507,3,11,30,0,22903
508,3,11,30,0,22903
527,5,11,30,0,22903
528,3,11,30,0,22903
538,5,11,30,0,22903
540,3,11,30,0,22903
542,3,11,30,0,22903
544,4,11,30,0,22903
546,4,11,30,0,22903
550,2,11,30,0,22903
554,1,11,30,0,22903
559,3,11,30,0,22903
566,4,11,30,0,22903
568,2,11,30,0,22903
571,3,11,30,0,22903
575,2,11,30,0,22903
576,3,11,30,0,22903
584,4,11,30,0,22903
585,3,11,30,0,22903
586,4,11,30,0,22903
588,5,11,30,0,22903
595,3,11,30,0,22903
609,4,11,30,0,22903
619,4,11,30,0,22903
629,4,11,30,0,22903
631,5,11,30,0,22903
655,3,11,30,0,22903
660,5,11,30,0,22903
663,4,11,30,0,22903
670,2,11,30,0,22903
673,4,11,30,0,22903
678,2,11,30,0,22903
690,2,11,30,0,22903
692,3,11,30,0,22903
693,3,11,30,0,22903
697,5,11,30,0,22903
699,4,11,30,0,22903
715,2,11,30,0,22903
722,3,11,30,0,22903
723,5,11,30,0,22903
725,3,11,30,0,22903
728,3,11,30,0,22903
729,2,11,30,0,22903
731,3,11,30,0,22903
735,2,11,30,0,22903
736,2,11,30,0,22903
739,3,11,30,0,22903
742,4,11,30,0,22903
746,4,11,30,0,22903
748,2,11,30,0,22903
750,5,11,30,0,22903
751,3,11,30,0,22903
755,2,11,30,0,22903
756,4,11,30,0,22903
764,4,11,30,0,22903
765,4,11,30,0,22903
769,3,11,30,0,22903
771,3,11,30,0,22903
780,4,11,30,0,22903
781,4,11,30,0,22903
790,4,11,30,0,22903
845,3,11,30,0,22903
866,3,11,30,0,22903
925,4,11,30,0,22903
928,5,11,30,0,22903
934,2,11,30,0,22903
942,5,11,30,0,22903
946,4,11,30,0,22903
975,4,11,30,0,22903
977,3,11,30,0,22903
1015,3,11,30,0,22903
1028,5,11,30,0,22903
1035,4,11,30,0,22903
1041,5,11,30,0,22903
1047,3,11,30,0,22903
1048,4,11,30,0,22903
1049,2,11,30,0,22903
1051,4,11,30,0,22903
1060,3,11,30,0,22903
1063,3,11,30,0,22903
1066,4,11,30,0,22903
1099,5,11,30,0,22903
1112,4,11,30,0,22903
1114,4,11,30,0,22903
1133,3,11,30,0,22903
1168,5,11,30,0,22903
1181,2,11,30,0,22903
1182,3,11,30,0,22903
1207,4,11,30,0,22903
1217,5,11,30,0,22903
1221,5,11,30,0,22903
1297,4,11,30,0,22903
1313,5,11,30,0,22903
1401,5,11,30,0,22903
1459,4,11,30,0,22903
1466,5,11,30,0,22903
1473,3,11,30,0,22903
1478,4,11,30,0,22903
1479,3,11,30,0,22903
1,3,19,23,1,80521
7,3,19,23,1,80521
9,4,19,23,1,80521
15,3,19,23,1,80521
21,1,19,23,1,80521
24,3,19,23,1,80521
50,5,19,23,1,80521
117,3,19,23,1,80521
121,3,19,23,1,80521
127,4,19,23,1,80521
181,5,19,23,1,80521
237,4,19,23,1,80521
248,4,19,23,1,80521
249,4,19,23,1,80521
257,3,19,23,1,80521
258,4,19,23,1,80521
280,4,19,23,1,80521
281,4,19,23,1,80521
282,3,19,23,1,80521
284,3,19,23,1,80521
286,1,19,23,1,80521
288,4,19,23,1,80521
294,4,19,23,1,80521
295,3,19,23,1,80521
298,4,19,23,1,80521
300,5,19,23,1,80521
405,3,19,23,1,80521
471,5,19,23,1,80521
475,2,19,23,1,80521
508,4,19,23,1,80521
535,4,19,23,1,80521
597,3,19,23,1,80521
741,4,19,23,1,80521
742,5,19,23,1,80521
763,4,19,23,1,80521
825,3,19,23,1,80521
877,1,19,23,1,80521
1016,3,19,23,1,80521
1,4,14,33,0,15213
2,3,14,33,0,15213
17,4,14,33,0,15213
21,3,14,33,0,15213
24,4,14,33,0,15213
25,3,14,33,0,15213
29,4,14,33,0,15213
40,4,14,33,0,15213
42,5,14,33,0,15213
50,4,14,33,0,15213
62,4,14,33,0,15213
63,1,14,33,0,15213
66,1,14,33,0,15213
69,1,14,33,0,15213
70,4,14,33,0,15213
79,3,14,33,0,15213
80,2,14,33,0,15213
89,5,14,33,0,15213
90,3,14,33,0,15213
94,3,14,33,0,15213
95,4,14,33,0,15213
98,3,14,33,0,15213
99,3,14,33,0,15213
100,5,14,33,0,15213
101,5,14,33,0,15213
102,3,14,33,0,15213
105,3,14,33,0,15213
109,5,14,33,0,15213
110,1,14,33,0,15213
121,4,14,33,0,15213
135,4,14,33,0,15213
139,3,14,33,0,15213
143,3,14,33,0,15213
144,3,14,33,0,15213
145,1,14,33,0,15213
151,3,14,33,0,15213
153,5,14,33,0,15213
154,3,14,33,0,15213
162,1,14,33,0,15213
163,5,14,33,0,15213
167,2,14,33,0,15213
168,3,14,33,0,15213
169,5,14,33,0,15213
172,5,14,33,0,15213
173,4,14,33,0,15213
174,5,14,33,0,15213
176,3,14,33,0,15213
181,5,14,33,0,15213
183,4,14,33,0,15213
185,3,14,33,0,15213
186,5,14,33,0,15213
189,5,14,33,0,15213
194,4,14,33,0,15213
200,2,14,33,0,15213
204,4,14,33,0,15213
208,4,14,33,0,15213
209,5,14,33,0,15213
210,3,14,33,0,15213
211,4,14,33,0,15213
214,3,14,33,0,15213
216,1,14,33,0,15213
219,3,14,33,0,15213
222,4,14,33,0,15213
225,2,14,33,0,15213
226,3,14,33,0,15213
227,4,14,33,0,15213
228,5,14,33,0,15213
229,2,14,33,0,15213
230,3,14,33,0,15213
231,2,14,33,0,15213
233,4,14,33,0,15213
234,2,14,33,0,15213
235,4,14,33,0,15213
239,4,14,33,0,15213
241,1,14,33,0,15213
243,1,14,33,0,15213
250,3,14,33,0,15213
257,5,14,33,0,15213
259,1,14,33,0,15213
267,4,14,33,0,15213
363,3,14,33,0,15213
364,1,14,33,0,15213
365,1,14,33,0,15213
366,3,14,33,0,15213
367,3,14,33,0,15213
368,1,14,33,0,15213
369,1,14,33,0,15213
370,1,14,33,0,15213
371,1,14,33,0,15213
372,3,14,33,0,15213
373,3,14,33,0,15213
374,3,14,33,0,15213
375,3,14,33,0,15213
376,2,14,33,0,15213
377,1,14,33,0,15213
378,1,14,33,0,15213
379,3,14,33,0,15213
380,3,14,33,0,15213
381,1,14,33,0,15213
382,5,14,33,0,15213
383,3,14,33,0,15213
384,3,14,33,0,15213
385,4,14,33,0,15213
386,2,14,33,0,15213
387,3,14,33,0,15213
388,2,14,33,0,15213
389,1,14,33,0,15213
390,5,14,33,0,15213
391,4,14,33,0,15213
392,2,14,33,0,15213
393,2,14,33,0,15213
394,2,14,33,0,15213
395,2,14,33,0,15213
396,5,14,33,0,15213
397,2,14,33,0,15213
398,2,14,33,0,15213
399,3,14,33,0,15213
400,1,14,33,0,15213
401,5,14,33,0,15213
402,1,14,33,0,15213
403,3,14,33,0,15213
404,2,14,33,0,15213
405,3,14,33,0,15213
406,1,14,33,0,15213
407,3,14,33,0,15213
408,5,14,33,0,15213
409,2,14,33,0,15213
410,1,14,33,0,15213
411,1,14,33,0,15213
412,3,14,33,0,15213
413,3,14,33,0,15213
414,3,14,33,0,15213
415,1,14,33,0,15213
416,1,14,33,0,15213
417,3,14,33,0,15213
418,3,14,33,0,15213
419,3,14,33,0,15213
420,3,14,33,0,15213
421,1,14,33,0,15213
422,4,14,33,0,15213
423,4,14,33,0,15213
424,1,14,33,0,15213
425,2,14,33,0,15213
426,3,14,33,0,15213
427,3,14,33,0,15213
428,5,14,33,0,15213
429,3,14,33,0,15213
430,5,14,33,0,15213
431,3,14,33,0,15213
432,4,14,33,0,15213
433,5,14,33,0,15213
434,5,14,33,0,15213
435,4,14,33,0,15213
436,5,14,33,0,15213
437,1,14,33,0,15213
438,1,14,33,0,15213
439,1,14,33,0,15213
440,1,14,33,0,15213
441,1,14,33,0,15213
442,1,14,33,0,15213
443,4,14,33,0,15213
444,2,14,33,0,15213
445,3,14,33,0,15213
446,4,14,33,0,15213
447,3,14,33,0,15213
448,2,14,33,0,15213
449,2,14,33,0,15213
450,1,14,33,0,15213
451,1,14,33,0,15213
452,1,14,33,0,15213
453,1,14,33,0,15213
454,1,14,33,0,15213
455,4,14,33,0,15213
456,1,14,33,0,15213
457,1,14,33,0,15213
1,4,14,29,1,55423
4,2,14,29,1,55423
5,3,14,29,1,55423
7,4,14,29,1,55423
8,3,14,29,1,55423
9,3,14,29,1,55423
11,4,14,29,1,55423
12,4,14,29,1,55423
15,4,14,29,1,55423
17,4,14,29,1,55423
22,4,14,29,1,55423
25,4,14,29,1,55423
28,3,14,29,1,55423
29,3,14,29,1,55423
31,4,14,29,1,55423
42,1,14,29,1,55423
50,5,14,29,1,55423
53,4,14,29,1,55423
54,3,14,29,1,55423
55,2,14,29,1,55423
56,5,14,29,1,55423
58,4,14,29,1,55423
62,3,14,29,1,55423
63,3,14,29,1,55423
64,2,14,29,1,55423
67,5,14,29,1,55423
68,3,14,29,1,55423
69,4,14,29,1,55423
70,4,14,29,1,55423
71,4,14,29,1,55423
72,5,14,29,1,55423
77,4,14,29,1,55423
79,5,14,29,1,55423
81,2,14,29,1,55423
82,5,14,29,1,55423
88,4,14,29,1,55423
89,4,14,29,1,55423
90,3,14,29,1,55423
91,4,14,29,1,55423
94,4,14,29,1,55423
95,4,14,29,1,55423
96,5,14,29,1,55423
97,3,14,29,1,55423
98,4,14,29,1,55423
100,4,14,29,1,55423
101,1,14,29,1,55423
111,4,14,29,1,55423
117,5,14,29,1,55423
118,3,14,29,1,55423
121,5,14,29,1,55423
122,2,14,29,1,55423
125,5,14,29,1,55423
127,2,14,29,1,55423
131,1,14,29,1,55423
144,4,14,29,1,55423
147,4,14,29,1,55423
151,5,14,29,1,55423
154,2,14,29,1,55423
156,5,14,29,1,55423
157,4,14,29,1,55423
158,1,14,29,1,55423
159,4,14,29,1,55423
161,3,14,29,1,55423
162,2,14,29,1,55423
164,5,14,29,1,55423
168,3,14,29,1,55423
172,5,14,29,1,55423
173,5,14,29,1,55423
174,5,14,29,1,55423
175,1,14,29,1,55423
176,5,14,29,1,55423
177,4,14,29,1,55423
178,3,14,29,1,55423
179,4,14,29,1,55423
180,3,14,29,1,55423
181,5,14,29,1,55423
183,5,14,29,1,55423
186,3,14,29,1,55423
191,4,14,29,1,55423
195,5,14,29,1,55423
196,4,14,29,1,55423
200,2,14,29,1,55423
202,5,14,29,1,55423
204,4,14,29,1,55423
209,1,14,29,1,55423
210,5,14,29,1,55423
211,5,14,29,1,55423
214,1,14,29,1,55423
215,3,14,29,1,55423
216,3,14,29,1,55423
218,4,14,29,1,55423
222,4,14,29,1,55423
223,4,14,29,1,55423
226,5,14,29,1,55423
227,5,14,29,1,55423
228,5,14,29,1,55423
229,5,14,29,1,55423
230,5,14,29,1,55423
231,3,14,29,1,55423
233,4,14,29,1,55423
234,4,14,29,1,55423
237,4,14,29,1,55423
238,2,14,29,1,55423
239,4,14,29,1,55423
245,3,14,29,1,55423
248,2,14,29,1,55423
250,2,14,29,1,55423
252,5,14,29,1,55423
257,5,14,29,1,55423
258,5,14,29,1,55423
265,5,14,29,1,55423
278,3,14,29,1,55423
281,2,14,29,1,55423
282,3,14,29,1,55423
288,5,14,29,1,55423
291,3,14,29,1,55423
294,4,14,29,1,55423
295,4,14,29,1,55423
317,2,14,29,1,55423
318,4,14,29,1,55423
322,2,14,29,1,55423
323,3,14,29,1,55423
332,3,14,29,1,55423
356,4,14,29,1,55423
357,2,14,29,1,55423
358,2,14,29,1,55423
365,4,14,29,1,55423
367,3,14,29,1,55423
373,5,14,29,1,55423
380,5,14,29,1,55423
385,4,14,29,1,55423
386,1,14,29,1,55423
388,5,14,29,1,55423
391,2,14,29,1,55423
392,3,14,29,1,55423
393,4,14,29,1,55423
395,3,14,29,1,55423
402,4,14,29,1,55423
403,5,14,29,1,55423
405,5,14,29,1,55423
409,2,14,29,1,55423
410,1,14,29,1,55423
411,4,14,29,1,55423
413,3,14,29,1,55423
423,4,14,29,1,55423
425,2,14,29,1,55423
431,3,14,29,1,55423
441,2,14,29,1,55423
449,5,14,29,1,55423
451,5,14,29,1,55423
452,2,14,29,1,55423
472,2,14,29,1,55423
475,1,14,29,1,55423
476,3,14,29,1,55423
508,4,14,29,1,55423
520,5,14,29,1,55423
527,3,14,29,1,55423
531,4,14,29,1,55423
542,3,14,29,1,55423
545,2,14,29,1,55423
546,3,14,29,1,55423
550,5,14,29,1,55423
552,2,14,29,1,55423
559,3,14,29,1,55423
564,3,14,29,1,55423
566,4,14,29,1,55423
568,5,14,29,1,55423
572,3,14,29,1,55423
576,3,14,29,1,55423
584,2,14,29,1,55423
588,4,14,29,1,55423
595,3,14,29,1,55423
597,2,14,29,1,55423
627,5,14,29,1,55423
628,2,14,29,1,55423
631,3,14,29,1,55423
636,5,14,29,1,55423
655,3,14,29,1,55423
665,5,14,29,1,55423
672,2,14,29,1,55423
679,3,14,29,1,55423
715,2,14,29,1,55423
722,3,14,29,1,55423
732,3,14,29,1,55423
735,5,14,29,1,55423
739,4,14,29,1,55423
742,5,14,29,1,55423
748,3,14,29,1,55423
755,5,14,29,1,55423
762,3,14,29,1,55423
763,2,14,29,1,55423
790,2,14,29,1,55423
796,3,14,29,1,55423
797,3,14,29,1,55423
809,4,14,29,1,55423
810,3,14,29,1,55423
820,3,14,29,1,55423
823,3,14,29,1,55423
826,3,14,29,1,55423
831,2,14,29,1,55423
834,3,14,29,1,55423
845,4,14,29,1,55423
849,2,14,29,1,55423
866,4,14,29,1,55423
871,2,14,29,1,55423
924,3,14,29,1,55423
928,3,14,29,1,55423
930,3,14,29,1,55423
931,2,14,29,1,55423
940,3,14,29,1,55423
944,3,14,29,1,55423
949,3,14,29,1,55423
975,3,14,29,1,55423
986,2,14,29,1,55423
1011,3,14,29,1,55423
1012,4,14,29,1,55423
1013,3,14,29,1,55423
1014,4,14,29,1,55423
1016,5,14,29,1,55423
1023,2,14,29,1,55423
1028,4,14,29,1,55423
1035,2,14,29,1,55423
1039,2,14,29,1,55423
1060,4,14,29,1,55423
1074,4,14,29,1,55423
1135,4,14,29,1,55423
1139,2,14,29,1,55423
1157,4,14,29,1,55423
1161,3,14,29,1,55423
1210,3,14,29,1,55423
1222,4,14,29,1,55423
1228,3,14,29,1,55423
1244,3,14,29,1,55423
1245,2,14,29,1,55423
1,3,7,26,1,21218
3,2,7,26,1,21218
6,1,7,26,1,21218
7,4,7,26,1,21218
9,4,7,26,1,21218
10,2,7,26,1,21218
13,2,7,26,1,21218
14,1,7,26,1,21218
15,3,7,26,1,21218
16,1,7,26,1,21218
18,1,7,26,1,21218
19,1,7,26,1,21218
20,1,7,26,1,21218
21,1,7,26,1,21218
24,1,7,26,1,21218
25,5,7,26,1,21218
93,1,7,26,1,21218
100,3,7,26,1,21218
103,1,7,26,1,21218
104,1,7,26,1,21218
105,1,7,26,1,21218
106,2,7,26,1,21218
107,1,7,26,1,21218
108,1,7,26,1,21218
109,1,7,26,1,21218
111,3,7,26,1,21218
112,1,7,26,1,21218
116,1,7,26,1,21218
117,2,7,26,1,21218
118,2,7,26,1,21218
120,1,7,26,1,21218
121,4,7,26,1,21218
122,2,7,26,1,21218
123,2,7,26,1,21218
124,1,7,26,1,21218
125,3,7,26,1,21218
126,2,7,26,1,21218
129,2,7,26,1,21218
130,1,7,26,1,21218
137,2,7,26,1,21218
146,1,7,26,1,21218
147,1,7,26,1,21218
148,2,7,26,1,21218
149,1,7,26,1,21218
150,1,7,26,1,21218
151,2,7,26,1,21218
220,4,7,26,1,21218
221,1,7,26,1,21218
222,4,7,26,1,21218
224,1,7,26,1,21218
225,3,7,26,1,21218
235,1,7,26,1,21218
236,1,7,26,1,21218
237,5,7,26,1,21218
240,1,7,26,1,21218
242,1,7,26,1,21218
243,1,7,26,1,21218
245,2,7,26,1,21218
251,1,7,26,1,21218
256,1,7,26,1,21218
258,3,7,26,1,21218
259,1,7,26,1,21218
260,1,7,26,1,21218
261,1,7,26,1,21218
262,2,7,26,1,21218
263,1,7,26,1,21218
264,2,7,26,1,21218
266,1,7,26,1,21218
268,1,7,26,1,21218
269,1,7,26,1,21218
270,4,7,26,1,21218
273,1,7,26,1,21218
274,4,7,26,1,21218
275,3,7,26,1,21218
276,2,7,26,1,21218
277,1,7,26,1,21218
278,2,7,26,1,21218
279,1,7,26,1,21218
280,4,7,26,1,21218
281,2,7,26,1,21218
282,4,7,26,1,21218
283,3,7,26,1,21218
284,2,7,26,1,21218
285,2,7,26,1,21218
286,1,7,26,1,21218
287,2,7,26,1,21218
288,4,7,26,1,21218
289,4,7,26,1,21218
290,2,7,26,1,21218
291,3,7,26,1,21218
292,1,7,26,1,21218
294,2,7,26,1,21218
299,1,7,26,1,21218
300,3,7,26,1,21218
301,2,7,26,1,21218
302,2,7,26,1,21218
303,1,7,26,1,21218
304,1,7,26,1,21218
305,2,7,26,1,21218
306,1,7,26,1,21218
307,1,7,26,1,21218
308,1,7,26,1,21218
319,3,7,26,1,21218
321,2,7,26,1,21218
322,1,7,26,1,21218
323,2,7,26,1,21218
324,1,7,26,1,21218
325,2,7,26,1,21218
326,1,7,26,1,21218
327,3,7,26,1,21218
328,3,7,26,1,21218
329,1,7,26,1,21218
330,1,7,26,1,21218
331,1,7,26,1,21218
332,2,7,26,1,21218
333,3,7,26,1,21218
334,1,7,26,1,21218
335,1,7,26,1,21218
336,2,7,26,1,21218
337,1,7,26,1,21218
358,2,7,26,1,21218
359,1,7,26,1,21218
360,1,7,26,1,21218
363,1,7,26,1,21218
368,1,7,26,1,21218
369,3,7,26,1,21218
370,2,7,26,1,21218
405,4,7,26,1,21218
406,1,7,26,1,21218
407,2,7,26,1,21218
408,1,7,26,1,21218
409,2,7,26,1,21218
410,1,7,26,1,21218
411,3,7,26,1,21218
412,2,7,26,1,21218
413,2,7,26,1,21218
424,1,7,26,1,21218
455,1,7,26,1,21218
456,1,7,26,1,21218
457,1,7,26,1,21218
458,3,7,26,1,21218
459,1,7,26,1,21218
460,1,7,26,1,21218
471,2,7,26,1,21218
472,1,7,26,1,21218
473,2,7,26,1,21218
475,2,7,26,1,21218
476,4,7,26,1,21218
477,1,7,26,1,21218
508,3,7,26,1,21218
544,1,7,26,1,21218
546,2,7,26,1,21218
547,1,7,26,1,21218
591,4,7,26,1,21218
593,1,7,26,1,21218
595,2,7,26,1,21218
596,4,7,26,1,21218
597,3,7,26,1,21218
598,1,7,26,1,21218
619,3,7,26,1,21218
620,2,7,26,1,21218
628,3,7,26,1,21218
676,3,7,26,1,21218
678,2,7,26,1,21218
680,1,7,26,1,21218
681,1,7,26,1,21218
682,4,7,26,1,21218
683,1,7,26,1,21218
685,2,7,26,1,21218
687,1,7,26,1,21218
688,1,7,26,1,21218
690,3,7,26,1,21218
696,2,7,26,1,21218
713,2,7,26,1,21218
717,1,7,26,1,21218
718,1,7,26,1,21218
740,2,7,26,1,21218
741,1,7,26,1,21218
742,4,7,26,1,21218
743,1,7,26,1,21218
744,2,7,26,1,21218
748,1,7,26,1,21218
749,1,7,26,1,21218
756,2,7,26,1,21218
758,1,7,26,1,21218
760,1,7,26,1,21218
762,2,7,26,1,21218
763,1,7,26,1,21218
764,1,7,26,1,21218
766,1,7,26,1,21218
767,1,7,26,1,21218
813,2,7,26,1,21218
815,3,7,26,1,21218
818,1,7,26,1,21218
819,3,7,26,1,21218
820,1,7,26,1,21218
823,2,7,26,1,21218
824,1,7,26,1,21218
825,1,7,26,1,21218
826,1,7,26,1,21218
827,2,7,26,1,21218
828,1,7,26,1,21218
829,1,7,26,1,21218
831,1,7,26,1,21218
832,1,7,26,1,21218
833,1,7,26,1,21218
834,3,7,26,1,21218
840,1,7,26,1,21218
841,1,7,26,1,21218
844,1,7,26,1,21218
845,3,7,26,1,21218
846,3,7,26,1,21218
847,1,7,26,1,21218
864,2,7,26,1,21218
866,1,7,26,1,21218
870,2,7,26,1,21218
871,2,7,26,1,21218
872,1,7,26,1,21218
873,1,7,26,1,21218
874,1,7,26,1,21218
875,3,7,26,1,21218
876,1,7,26,1,21218
877,2,7,26,1,21218
878,1,7,26,1,21218
879,2,7,26,1,21218
880,1,7,26,1,21218
881,1,7,26,1,21218
882,1,7,26,1,21218
883,1,7,26,1,21218
884,1,7,26,1,21218
885,1,7,26,1,21218
886,1,7,26,1,21218
887,1,7,26,1,21218
919,1,7,26,1,21218
920,1,7,26,1,21218
922,1,7,26,1,21218
924,3,7,26,1,21218
925,2,7,26,1,21218
926,1,7,26,1,21218
927,1,7,26,1,21218
928,3,7,26,1,21218
929,1,7,26,1,21218
930,1,7,26,1,21218
931,1,7,26,1,21218
932,1,7,26,1,21218
933,1,7,26,1,21218
934,3,7,26,1,21218
937,3,7,26,1,21218
938,1,7,26,1,21218
948,1,7,26,1,21218
950,1,7,26,1,21218
952,1,7,26,1,21218
974,4,7,26,1,21218
975,2,7,26,1,21218
976,1,7,26,1,21218
977,1,7,26,1,21218
978,1,7,26,1,21218
979,2,7,26,1,21218
980,1,7,26,1,21218
981,1,7,26,1,21218
982,1,7,26,1,21218
983,2,7,26,1,21218
984,1,7,26,1,21218
985,1,7,26,1,21218
986,2,7,26,1,21218
988,2,7,26,1,21218
989,1,7,26,1,21218
990,1,7,26,1,21218
991,1,7,26,1,21218
995,1,7,26,1,21218
1001,1,7,26,1,21218
1002,1,7,26,1,21218
1008,1,7,26,1,21218
1009,1,7,26,1,21218
1010,1,7,26,1,21218
1011,1,7,26,1,21218
1015,1,7,26,1,21218
1017,1,7,26,1,21218
1022,1,7,26,1,21218
1025,1,7,26,1,21218
1026,1,7,26,1,21218
1028,2,7,26,1,21218
1033,1,7,26,1,21218
1034,1,7,26,1,21218
1038,1,7,26,1,21218
1040,1,7,26,1,21218
1047,2,7,26,1,21218
1048,2,7,26,1,21218
1049,1,7,26,1,21218
1051,2,7,26,1,21218
1052,2,7,26,1,21218
1054,2,7,26,1,21218
1057,2,7,26,1,21218
1059,1,7,26,1,21218
1060,1,7,26,1,21218
1061,2,7,26,1,21218
1067,1,7,26,1,21218
1068,1,7,26,1,21218
1079,1,7,26,1,21218
1081,1,7,26,1,21218
1084,2,7,26,1,21218
1085,1,7,26,1,21218
1086,1,7,26,1,21218
1087,1,7,26,1,21218
1093,1,7,26,1,21218
1094,1,7,26,1,21218
1095,1,7,26,1,21218
1097,1,7,26,1,21218
1102,1,7,26,1,21218
1114,1,7,26,1,21218
1115,1,7,26,1,21218
1117,2,7,26,1,21218
1120,1,7,26,1,21218
1128,1,7,26,1,21218
1129,1,7,26,1,21218
1132,1,7,26,1,21218
1134,2,7,26,1,21218
1137,1,7,26,1,21218
1150,1,7,26,1,21218
1151,1,7,26,1,21218
1152,2,7,26,1,21218
1161,1,7,26,1,21218
1162,1,7,26,1,21218
1163,2,7,26,1,21218
1164,3,7,26,1,21218
1165,1,7,26,1,21218
1171,1,7,26,1,21218
1173,1,7,26,1,21218
1174,1,7,26,1,21218
1187,1,7,26,1,21218
1197,1,7,26,1,21218
1198,1,7,26,1,21218
1199,1,7,26,1,21218
1202,1,7,26,1,21218
1215,1,7,26,1,21218
1242,1,7,26,1,21218
1245,1,7,26,1,21218
1252,1,7,26,1,21218
1255,1,7,26,1,21218
1259,1,7,26,1,21218
1265,1,7,26,1,21218
1272,1,7,26,1,21218
1276,1,7,26,1,21218
1277,2,7,26,1,21218
1280,1,7,26,1,21218
1281,1,7,26,1,21218
1282,1,7,26,1,21218
1284,1,7,26,1,21218
1287,1,7,26,1,21218
1288,1,7,26,1,21218
1289,1,7,26,1,21218
1291,1,7,26,1,21218
1295,1,7,26,1,21218
1296,1,7,26,1,21218
1302,1,7,26,1,21218
1312,1,7,26,1,21218
1317,1,7,26,1,21218
1318,1,7,26,1,21218
1319,1,7,26,1,21218
1320,1,7,26,1,21218
1321,1,7,26,1,21218
1322,1,7,26,1,21218
1323,1,7,26,1,21218
1324,1,7,26,1,21218
1325,1,7,26,1,21218
1326,1,7,26,1,21218
1327,1,7,26,1,21218
1328,1,7,26,1,21218
1329,1,7,26,1,21218
1330,1,7,26,1,21218
1331,1,7,26,1,21218
1332,1,7,26,1,21218
1333,1,7,26,1,21218
1334,1,7,26,1,21218
1335,1,7,26,1,21218
1336,1,7,26,1,21218
1337,1,7,26,1,21218
1338,1,7,26,1,21218
1339,1,7,26,1,21218
1340,1,7,26,1,21218
1341,1,7,26,1,21218
1342,1,7,26,1,21218
1343,1,7,26,1,21218
1344,1,7,26,1,21218
1345,1,7,26,1,21218
1346,1,7,26,1,21218
1347,1,7,26,1,21218
1348,1,7,26,1,21218
1349,1,7,26,1,21218
1350,1,7,26,1,21218
1351,1,7,26,1,21218
1352,1,7,26,1,21218
1353,1,7,26,1,21218
1354,1,7,26,1,21218
1355,1,7,26,1,21218
1356,1,7,26,1,21218
1357,1,7,26,1,21218
1358,1,7,26,1,21218
1359,1,7,26,1,21218
1360,1,7,26,1,21218
1361,1,7,26,1,21218
1362,1,7,26,1,21218
1363,1,7,26,1,21218
1364,1,7,26,1,21218
1365,1,7,26,1,21218
1366,1,7,26,1,21218
1367,2,7,26,1,21218
1368,1,7,26,1,21218
1369,1,7,26,1,21218
1370,1,7,26,1,21218
1371,1,7,26,1,21218
1372,1,7,26,1,21218
1373,1,7,26,1,21218
1374,1,7,26,1,21218
1375,1,7,26,1,21218
1376,1,7,26,1,21218
1377,1,7,26,1,21218
1378,1,7,26,1,21218
1379,1,7,26,1,21218
1380,1,7,26,1,21218
1381,2,7,26,1,21218
1382,1,7,26,1,21218
1383,1,7,26,1,21218
1384,1,7,26,1,21218
1385,1,7,26,1,21218
1386,1,7,26,1,21218
1387,1,7,26,1,21218
1388,1,7,26,1,21218
1389,1,7,26,1,21218
1390,1,7,26,1,21218
1391,1,7,26,1,21218
1392,1,7,26,1,21218
1393,1,7,26,1,21218
1394,1,7,26,1,21218
1395,1,7,26,1,21218
1,5,1,31,1,10707
2,2,1,31,1,10707
3,1,1,31,1,10707
7,5,1,31,1,10707
8,5,1,31,1,10707
14,5,1,31,1,10707
15,4,1,31,1,10707
22,4,1,31,1,10707
24,3,1,31,1,10707
25,3,1,31,1,10707
26,3,1,31,1,10707
28,4,1,31,1,10707
31,4,1,31,1,10707
32,1,1,31,1,10707
33,3,1,31,1,10707
43,2,1,31,1,10707
48,4,1,31,1,10707
49,3,1,31,1,10707
50,5,1,31,1,10707
51,4,1,31,1,10707
52,4,1,31,1,10707
58,3,1,31,1,10707
62,4,1,31,1,10707
63,3,1,31,1,10707
64,5,1,31,1,10707
65,4,1,31,1,10707
67,2,1,31,1,10707
68,4,1,31,1,10707
69,5,1,31,1,10707
70,4,1,31,1,10707
71,5,1,31,1,10707
72,2,1,31,1,10707
73,4,1,31,1,10707
77,4,1,31,1,10707
78,3,1,31,1,10707
79,4,1,31,1,10707
82,3,1,31,1,10707
83,5,1,31,1,10707
88,4,1,31,1,10707
89,3,1,31,1,10707
90,2,1,31,1,10707
91,5,1,31,1,10707
94,5,1,31,1,10707
95,3,1,31,1,10707
96,4,1,31,1,10707
97,4,1,31,1,10707
98,4,1,31,1,10707
99,4,1,31,1,10707
101,1,1,31,1,10707
102,4,1,31,1,10707
110,2,1,31,1,10707
111,4,1,31,1,10707
117,4,1,31,1,10707
121,4,1,31,1,10707
127,4,1,31,1,10707
128,3,1,31,1,10707
132,3,1,31,1,10707
133,3,1,31,1,10707
135,3,1,31,1,10707
137,3,1,31,1,10707
139,4,1,31,1,10707
140,3,1,31,1,10707
141,4,1,31,1,10707
142,4,1,31,1,10707
143,4,1,31,1,10707
144,5,1,31,1,10707
151,4,1,31,1,10707
153,5,1,31,1,10707
161,3,1,31,1,10707
168,4,1,31,1,10707
170,5,1,31,1,10707
172,4,1,31,1,10707
173,5,1,31,1,10707
174,5,1,31,1,10707
175,5,1,31,1,10707
176,3,1,31,1,10707
177,3,1,31,1,10707
178,5,1,31,1,10707
179,3,1,31,1,10707
180,3,1,31,1,10707
181,4,1,31,1,10707
182,2,1,31,1,10707
183,5,1,31,1,10707
185,3,1,31,1,10707
186,5,1,31,1,10707
188,3,1,31,1,10707
190,4,1,31,1,10707
191,5,1,31,1,10707
193,3,1,31,1,10707
194,5,1,31,1,10707
195,5,1,31,1,10707
196,4,1,31,1,10707
197,4,1,31,1,10707
198,5,1,31,1,10707
199,5,1,31,1,10707
200,2,1,31,1,10707
202,4,1,31,1,10707
203,3,1,31,1,10707
204,5,1,31,1,10707
205,3,1,31,1,10707
207,5,1,31,1,10707
208,4,1,31,1,10707
209,4,1,31,1,10707
210,5,1,31,1,10707
211,3,1,31,1,10707
215,4,1,31,1,10707
216,5,1,31,1,10707
219,4,1,31,1,10707
226,4,1,31,1,10707
227,2,1,31,1,10707
228,4,1,31,1,10707
229,3,1,31,1,10707
232,4,1,31,1,10707
233,4,1,31,1,10707
234,2,1,31,1,10707
237,2,1,31,1,10707
238,5,1,31,1,10707
239,3,1,31,1,10707
241,3,1,31,1,10707
250,4,1,31,1,10707
257,5,1,31,1,10707
265,3,1,31,1,10707
274,4,1,31,1,10707
275,3,1,31,1,10707
282,4,1,31,1,10707
286,5,1,31,1,10707
289,2,1,31,1,10707
290,3,1,31,1,10707
294,2,1,31,1,10707
328,5,1,31,1,10707
356,4,1,31,1,10707
357,4,1,31,1,10707
366,4,1,31,1,10707
371,2,1,31,1,10707
378,4,1,31,1,10707
381,4,1,31,1,10707
385,4,1,31,1,10707
386,2,1,31,1,10707
389,4,1,31,1,10707
391,2,1,31,1,10707
392,3,1,31,1,10707
393,5,1,31,1,10707
395,3,1,31,1,10707
398,1,1,31,1,10707
399,4,1,31,1,10707
402,3,1,31,1,10707
403,1,1,31,1,10707
404,5,1,31,1,10707
405,3,1,31,1,10707
415,3,1,31,1,10707
416,4,1,31,1,10707
417,3,1,31,1,10707
419,4,1,31,1,10707
420,4,1,31,1,10707
422,2,1,31,1,10707
423,5,1,31,1,10707
431,3,1,31,1,10707
432,3,1,31,1,10707
433,4,1,31,1,10707
436,5,1,31,1,10707
443,3,1,31,1,10707
445,4,1,31,1,10707
447,2,1,31,1,10707
448,3,1,31,1,10707
449,3,1,31,1,10707
450,2,1,31,1,10707
451,3,1,31,1,10707
462,4,1,31,1,10707
463,5,1,31,1,10707
465,3,1,31,1,10707
471,5,1,31,1,10707
472,5,1,31,1,10707
473,4,1,31,1,10707
474,4,1,31,1,10707
483,3,1,31,1,10707
485,5,1,31,1,10707
491,4,1,31,1,10707
495,4,1,31,1,10707
496,4,1,31,1,10707
498,3,1,31,1,10707
505,3,1,31,1,10707
506,3,1,31,1,10707
507,4,1,31,1,10707
509,4,1,31,1,10707
510,4,1,31,1,10707
511,4,1,31,1,10707
514,2,1,31,1,10707
515,5,1,31,1,10707
518,4,1,31,1,10707
520,4,1,31,1,10707
523,4,1,31,1,10707
527,4,1,31,1,10707
532,4,1,31,1,10707
539,4,1,31,1,10707
542,2,1,31,1,10707
546,2,1,31,1,10707
550,4,1,31,1,10707
552,1,1,31,1,10707
554,3,1,31,1,10707
560,1,1,31,1,10707
566,2,1,31,1,10707
568,4,1,31,1,10707
573,1,1,31,1,10707
586,2,1,31,1,10707
588,3,1,31,1,10707
591,5,1,31,1,10707
596,2,1,31,1,10707
597,3,1,31,1,10707
622,4,1,31,1,10707
623,3,1,31,1,10707
625,4,1,31,1,10707
627,4,1,31,1,10707
631,4,1,31,1,10707
636,1,1,31,1,10707
640,3,1,31,1,10707
648,3,1,31,1,10707
649,4,1,31,1,10707
650,4,1,31,1,10707
651,5,1,31,1,10707
655,4,1,31,1,10707
657,5,1,31,1,10707
660,5,1,31,1,10707
665,2,1,31,1,10707
671,3,1,31,1,10707
674,2,1,31,1,10707
675,2,1,31,1,10707
679,2,1,31,1,10707
683,4,1,31,1,10707
692,4,1,31,1,10707
699,2,1,31,1,10707
705,5,1,31,1,10707
707,3,1,31,1,10707
708,2,1,31,1,10707
712,2,1,31,1,10707
715,1,1,31,1,10707
716,3,1,31,1,10707
720,2,1,31,1,10707
728,3,1,31,1,10707
736,4,1,31,1,10707
737,3,1,31,1,10707
739,3,1,31,1,10707
742,4,1,31,1,10707
747,5,1,31,1,10707
768,1,1,31,1,10707
779,3,1,31,1,10707
781,2,1,31,1,10707
787,2,1,31,1,10707
791,3,1,31,1,10707
815,3,1,31,1,10707
843,4,1,31,1,10707
855,3,1,31,1,10707
862,1,1,31,1,10707
878,1,1,31,1,10707
892,3,1,31,1,10707
946,3,1,31,1,10707
960,2,1,31,1,10707
968,5,1,31,1,10707
971,3,1,31,1,10707
976,2,1,31,1,10707
1018,3,1,31,1,10707
1047,3,1,31,1,10707
1090,1,1,31,1,10707
1091,3,1,31,1,10707
1101,2,1,31,1,10707
1116,4,1,31,1,10707
1126,4,1,31,1,10707
1133,3,1,31,1,10707
1188,2,1,31,1,10707
1206,4,1,31,1,10707
1217,3,1,31,1,10707
1219,1,1,31,1,10707
1221,4,1,31,1,10707
1222,2,1,31,1,10707
1227,2,1,31,1,10707
1228,3,1,31,1,10707
1229,2,1,31,1,10707
1230,1,1,31,1,10707
1231,1,1,31,1,10707
1,3,5,24,1,19422
2,2,5,24,1,19422
3,1,5,24,1,19422
4,4,5,24,1,19422
7,4,5,24,1,19422
10,4,5,24,1,19422
11,4,5,24,1,19422
12,4,5,24,1,19422
13,3,5,24,1,19422
16,3,5,24,1,19422
17,3,5,24,1,19422
21,3,5,24,1,19422
24,2,5,24,1,19422
25,3,5,24,1,19422
27,4,5,24,1,19422
29,1,5,24,1,19422
31,4,5,24,1,19422
33,3,5,24,1,19422
37,3,5,24,1,19422
38,1,5,24,1,19422
39,3,5,24,1,19422
40,3,5,24,1,19422
42,4,5,24,1,19422
47,1,5,24,1,19422
50,5,5,24,1,19422
51,3,5,24,1,19422
52,3,5,24,1,19422
53,3,5,24,1,19422
55,4,5,24,1,19422
56,4,5,24,1,19422
59,5,5,24,1,19422
60,5,5,24,1,19422
61,4,5,24,1,19422
62,3,5,24,1,19422
63,1,5,24,1,19422
67,3,5,24,1,19422
68,4,5,24,1,19422
70,3,5,24,1,19422
71,3,5,24,1,19422
72,3,5,24,1,19422
73,3,5,24,1,19422
77,2,5,24,1,19422
79,3,5,24,1,19422
80,3,5,24,1,19422
82,3,5,24,1,19422
83,4,5,24,1,19422
88,2,5,24,1,19422
89,4,5,24,1,19422
91,3,5,24,1,19422
92,4,5,24,1,19422
94,2,5,24,1,19422
95,4,5,24,1,19422
96,5,5,24,1,19422
97,4,5,24,1,19422
98,4,5,24,1,19422
99,3,5,24,1,19422
100,3,5,24,1,19422
101,2,5,24,1,19422
105,2,5,24,1,19422
108,3,5,24,1,19422
114,5,5,24,1,19422
116,4,5,24,1,19422
117,4,5,24,1,19422
120,2,5,24,1,19422
121,2,5,24,1,19422
122,2,5,24,1,19422
123,3,5,24,1,19422
124,4,5,24,1,19422
127,4,5,24,1,19422
128,3,5,24,1,19422
129,2,5,24,1,19422
134,5,5,24,1,19422
135,4,5,24,1,19422
139,2,5,24,1,19422
141,3,5,24,1,19422
143,2,5,24,1,19422
144,4,5,24,1,19422
145,1,5,24,1,19422
147,4,5,24,1,19422
151,3,5,24,1,19422
153,5,5,24,1,19422
154,4,5,24,1,19422
156,3,5,24,1,19422
158,2,5,24,1,19422
159,2,5,24,1,19422
161,3,5,24,1,19422
163,2,5,24,1,19422
164,2,5,24,1,19422
168,4,5,24,1,19422
169,5,5,24,1,19422
172,5,5,24,1,19422
173,4,5,24,1,19422
174,5,5,24,1,19422
176,5,5,24,1,19422
178,4,5,24,1,19422
179,4,5,24,1,19422
180,3,5,24,1,19422
181,4,5,24,1,19422
182,4,5,24,1,19422
183,4,5,24,1,19422
184,4,5,24,1,19422
185,3,5,24,1,19422
186,3,5,24,1,19422
188,4,5,24,1,19422
189,4,5,24,1,19422
191,4,5,24,1,19422
194,4,5,24,1,19422
195,4,5,24,1,19422
198,4,5,24,1,19422
200,4,5,24,1,19422
201,3,5,24,1,19422
203,5,5,24,1,19422
204,3,5,24,1,19422
205,5,5,24,1,19422
206,3,5,24,1,19422
208,4,5,24,1,19422
209,4,5,24,1,19422
210,3,5,24,1,19422
211,4,5,24,1,19422
217,2,5,24,1,19422
218,2,5,24,1,19422
219,3,5,24,1,19422
222,4,5,24,1,19422
223,3,5,24,1,19422
226,4,5,24,1,19422
227,4,5,24,1,19422
228,4,5,24,1,19422
229,2,5,24,1,19422
230,3,5,24,1,19422
231,4,5,24,1,19422
232,3,5,24,1,19422
233,3,5,24,1,19422
234,4,5,24,1,19422
235,3,5,24,1,19422
238,3,5,24,1,19422
239,3,5,24,1,19422
240,2,5,24,1,19422
241,3,5,24,1,19422
244,4,5,24,1,19422
246,5,5,24,1,19422
248,3,5,24,1,19422
249,4,5,24,1,19422
250,4,5,24,1,19422
252,3,5,24,1,19422
257,4,5,24,1,19422
258,2,5,24,1,19422
259,3,5,24,1,19422
260,3,5,24,1,19422
264,3,5,24,1,19422
265,3,5,24,1,19422
267,3,5,24,1,19422
268,5,5,24,1,19422
269,4,5,24,1,19422
273,3,5,24,1,19422
284,3,5,24,1,19422
286,5,5,24,1,19422
288,4,5,24,1,19422
290,3,5,24,1,19422
294,3,5,24,1,19422
298,3,5,24,1,19422
302,5,5,24,1,19422
324,4,5,24,1,19422
325,3,5,24,1,19422
328,1,5,24,1,19422
333,4,5,24,1,19422
357,4,5,24,1,19422
358,3,5,24,1,19422
363,1,5,24,1,19422
364,3,5,24,1,19422
369,1,5,24,1,19422
370,2,5,24,1,19422
374,2,5,24,1,19422
379,1,5,24,1,19422
380,2,5,24,1,19422
381,3,5,24,1,19422
382,3,5,24,1,19422
384,3,5,24,1,19422
385,3,5,24,1,19422
386,2,5,24,1,19422
388,1,5,24,1,19422
391,3,5,24,1,19422
395,2,5,24,1,19422
397,2,5,24,1,19422
399,3,5,24,1,19422
402,1,5,24,1,19422
403,4,5,24,1,19422
404,4,5,24,1,19422
405,2,5,24,1,19422
407,1,5,24,1,19422
408,5,5,24,1,19422
421,3,5,24,1,19422
423,2,5,24,1,19422
425,4,5,24,1,19422
432,3,5,24,1,19422
433,4,5,24,1,19422
435,4,5,24,1,19422
436,3,5,24,1,19422
449,2,5,24,1,19422
450,1,5,24,1,19422
452,1,5,24,1,19422
453,1,5,24,1,19422
455,3,5,24,1,19422
456,2,5,24,1,19422
466,3,5,24,1,19422
470,3,5,24,1,19422
472,1,5,24,1,19422
474,5,5,24,1,19422
475,4,5,24,1,19422
477,3,5,24,1,19422
479,4,5,24,1,19422
480,5,5,24,1,19422
483,5,5,24,1,19422
484,4,5,24,1,19422
506,4,5,24,1,19422
525,4,5,24,1,19422
527,4,5,24,1,19422
540,1,5,24,1,19422
541,3,5,24,1,19422
544,3,5,24,1,19422
546,4,5,24,1,19422
550,2,5,24,1,19422
552,2,5,24,1,19422
554,3,5,24,1,19422
558,3,5,24,1,19422
559,2,5,24,1,19422
561,3,5,24,1,19422
562,4,5,24,1,19422
566,3,5,24,1,19422
568,3,5,24,1,19422
569,3,5,24,1,19422
574,2,5,24,1,19422
576,1,5,24,1,19422
578,2,5,24,1,19422
579,1,5,24,1,19422
580,3,5,24,1,19422
582,5,5,24,1,19422
583,4,5,24,1,19422
588,3,5,24,1,19422
597,2,5,24,1,19422
622,3,5,24,1,19422
627,3,5,24,1,19422
630,4,5,24,1,19422
636,3,5,24,1,19422
652,4,5,24,1,19422
654,5,5,24,1,19422
655,4,5,24,1,19422
658,3,5,24,1,19422
665,2,5,24,1,19422
672,2,5,24,1,19422
679,4,5,24,1,19422
684,3,5,24,1,19422
699,3,5,24,1,19422
710,3,5,24,1,19422
713,4,5,24,1,19422
715,1,5,24,1,19422
717,1,5,24,1,19422
718,4,5,24,1,19422
719,1,5,24,1,19422
721,3,5,24,1,19422
727,2,5,24,1,19422
728,2,5,24,1,19422
729,3,5,24,1,19422
732,3,5,24,1,19422
735,3,5,24,1,19422
738,2,5,24,1,19422
743,1,5,24,1,19422
746,3,5,24,1,19422
747,3,5,24,1,19422
761,1,5,24,1,19422
762,2,5,24,1,19422
765,2,5,24,1,19422
768,3,5,24,1,19422
780,3,5,24,1,19422
781,3,5,24,1,19422
790,2,5,24,1,19422
800,1,5,24,1,19422
802,3,5,24,1,19422
810,2,5,24,1,19422
823,2,5,24,1,19422
824,2,5,24,1,19422
825,3,5,24,1,19422
826,1,5,24,1,19422
831,3,5,24,1,19422
840,2,5,24,1,19422
860,1,5,24,1,19422
926,2,5,24,1,19422
928,1,5,24,1,19422
930,2,5,24,1,19422
940,2,5,24,1,19422
941,2,5,24,1,19422
946,3,5,24,1,19422
949,2,5,24,1,19422
955,3,5,24,1,19422
978,2,5,24,1,19422
981,1,5,24,1,19422
998,1,5,24,1,19422
1002,1,5,24,1,19422
1016,3,5,24,1,19422
1035,2,5,24,1,19422
1037,2,5,24,1,19422
1041,1,5,24,1,19422
1046,3,5,24,1,19422
1054,1,5,24,1,19422
1059,3,5,24,1,19422
1065,4,5,24,1,19422
1073,4,5,24,1,19422
1074,3,5,24,1,19422
1079,3,5,24,1,19422
1090,2,5,24,1,19422
1091,2,5,24,1,19422
1095,2,5,24,1,19422
1098,3,5,24,1,19422
1110,3,5,24,1,19422
1118,3,5,24,1,19422
1157,1,5,24,1,19422
1178,1,5,24,1,19422
1188,3,5,24,1,19422
1208,2,5,24,1,19422
1222,2,5,24,1,19422
1228,1,5,24,1,19422
1231,2,5,24,1,19422
1249,2,5,24,1,19422
1273,2,5,24,1,19422
1303,1,5,24,1,19422
1314,2,5,24,1,19422
1413,2,5,24,1,19422
1476,2,5,24,1,19422
1477,2,5,24,1,19422
1,5,2,32,1,95014
4,5,2,32,1,95014
7,3,2,32,1,95014
8,5,2,32,1,95014
9,3,2,32,1,95014
10,5,2,32,1,95014
13,4,2,32,1,95014
14,5,2,32,1,95014
15,2,2,32,1,95014
16,3,2,32,1,95014
20,5,2,32,1,95014
21,2,2,32,1,95014
24,4,2,32,1,95014
28,4,2,32,1,95014
30,4,2,32,1,95014
31,3,2,32,1,95014
44,4,2,32,1,95014
45,3,2,32,1,95014
50,5,2,32,1,95014
56,5,2,32,1,95014
59,3,2,32,1,95014
60,3,2,32,1,95014
61,3,2,32,1,95014
79,3,2,32,1,95014
83,4,2,32,1,95014
89,5,2,32,1,95014
91,3,2,32,1,95014
96,5,2,32,1,95014
97,4,2,32,1,95014
99,5,2,32,1,95014
100,4,2,32,1,95014
105,2,2,32,1,95014
118,1,2,32,1,95014
120,1,2,32,1,95014
121,2,2,32,1,95014
124,5,2,32,1,95014
127,4,2,32,1,95014
129,3,2,32,1,95014
131,4,2,32,1,95014
132,5,2,32,1,95014
133,5,2,32,1,95014
134,5,2,32,1,95014
135,4,2,32,1,95014
136,4,2,32,1,95014
137,4,2,32,1,95014
143,5,2,32,1,95014
150,4,2,32,1,95014
151,5,2,32,1,95014
157,4,2,32,1,95014
162,3,2,32,1,95014
165,5,2,32,1,95014
166,4,2,32,1,95014
170,4,2,32,1,95014
172,5,2,32,1,95014
173,5,2,32,1,95014
174,5,2,32,1,95014
175,5,2,32,1,95014
176,4,2,32,1,95014
178,5,2,32,1,95014
179,5,2,32,1,95014
180,5,2,32,1,95014
181,3,2,32,1,95014
185,5,2,32,1,95014
186,2,2,32,1,95014
191,5,2,32,1,95014
194,5,2,32,1,95014
196,5,2,32,1,95014
197,5,2,32,1,95014
198,4,2,32,1,95014
199,5,2,32,1,95014
203,3,2,32,1,95014
204,5,2,32,1,95014
207,5,2,32,1,95014
209,1,2,32,1,95014
214,1,2,32,1,95014
216,5,2,32,1,95014
225,4,2,32,1,95014
234,5,2,32,1,95014
238,5,2,32,1,95014
241,3,2,32,1,95014
246,4,2,32,1,95014
248,4,2,32,1,95014
253,4,2,32,1,95014
255,2,2,32,1,95014
268,4,2,32,1,95014
274,4,2,32,1,95014
275,5,2,32,1,95014
276,3,2,32,1,95014
281,2,2,32,1,95014
283,5,2,32,1,95014
294,5,2,32,1,95014
297,3,2,32,1,95014
313,2,2,32,1,95014
317,4,2,32,1,95014
318,5,2,32,1,95014
378,4,2,32,1,95014
381,3,2,32,1,95014
405,2,2,32,1,95014
418,3,2,32,1,95014
423,5,2,32,1,95014
433,5,2,32,1,95014
459,4,2,32,1,95014
462,5,2,32,1,95014
473,5,2,32,1,95014
474,5,2,32,1,95014
479,5,2,32,1,95014
480,5,2,32,1,95014
483,5,2,32,1,95014
484,5,2,32,1,95014
485,4,2,32,1,95014
486,5,2,32,1,95014
487,5,2,32,1,95014
489,5,2,32,1,95014
492,3,2,32,1,95014
496,5,2,32,1,95014
498,5,2,32,1,95014
499,4,2,32,1,95014
500,5,2,32,1,95014
501,4,2,32,1,95014
503,3,2,32,1,95014
505,5,2,32,1,95014
510,5,2,32,1,95014
511,4,2,32,1,95014
512,4,2,32,1,95014
513,4,2,32,1,95014
516,1,2,32,1,95014
517,4,2,32,1,95014
520,5,2,32,1,95014
523,4,2,32,1,95014
525,5,2,32,1,95014
526,4,2,32,1,95014
527,5,2,32,1,95014
531,3,2,32,1,95014
532,4,2,32,1,95014
568,4,2,32,1,95014
582,5,2,32,1,95014
588,4,2,32,1,95014
596,3,2,32,1,95014
603,5,2,32,1,95014
607,4,2,32,1,95014
618,2,2,32,1,95014
630,4,2,32,1,95014
632,5,2,32,1,95014
634,3,2,32,1,95014
638,5,2,32,1,95014
639,4,2,32,1,95014
647,4,2,32,1,95014
652,5,2,32,1,95014
654,3,2,32,1,95014
656,4,2,32,1,95014
657,5,2,32,1,95014
659,4,2,32,1,95014
661,4,2,32,1,95014
663,3,2,32,1,95014
694,4,2,32,1,95014
705,4,2,32,1,95014
732,2,2,32,1,95014
742,3,2,32,1,95014
751,4,2,32,1,95014
792,5,2,32,1,95014
815,3,2,32,1,95014
820,1,2,32,1,95014
847,4,2,32,1,95014
855,3,2,32,1,95014
863,4,2,32,1,95014
914,2,2,32,1,95014
934,2,2,32,1,95014
952,5,2,32,1,95014
990,3,2,32,1,95014
1005,4,2,32,1,95014
1020,4,2,32,1,95014
1021,5,2,32,1,95014
1056,3,2,32,1,95014
1060,5,2,32,1,95014
1065,5,2,32,1,95014
1098,4,2,32,1,95014
1099,5,2,32,1,95014
1115,4,2,32,1,95014
1117,5,2,32,1,95014
1154,3,2,32,1,95014
1315,3,2,32,1,95014
1372,4,2,32,1,95014
1400,3,2,32,1,95014
1401,4,2,32,1,95014
1402,4,2,32,1,95014
1403,4,2,32,1,95014
1404,5,2,32,1,95014
1,4,4,50,1,27606
4,4,4,50,1,27606
7,5,4,50,1,27606
8,5,4,50,1,27606
10,4,4,50,1,27606
11,4,4,50,1,27606
20,4,4,50,1,27606
22,5,4,50,1,27606
24,4,4,50,1,27606
29,3,4,50,1,27606
38,4,4,50,1,27606
39,5,4,50,1,27606
42,3,4,50,1,27606
50,4,4,50,1,27606
53,1,4,50,1,27606
55,4,4,50,1,27606
56,5,4,50,1,27606
62,5,4,50,1,27606
68,3,4,50,1,27606
70,4,4,50,1,27606
72,3,4,50,1,27606
79,4,4,50,1,27606
82,5,4,50,1,27606
83,5,4,50,1,27606
85,4,4,50,1,27606
89,5,4,50,1,27606
92,4,4,50,1,27606
96,4,4,50,1,27606
100,5,4,50,1,27606
107,3,4,50,1,27606
111,4,4,50,1,27606
116,5,4,50,1,27606
117,3,4,50,1,27606
118,5,4,50,1,27606
120,1,4,50,1,27606
121,4,4,50,1,27606
123,3,4,50,1,27606
124,4,4,50,1,27606
125,3,4,50,1,27606
127,5,4,50,1,27606
128,2,4,50,1,27606
129,5,4,50,1,27606
137,5,4,50,1,27606
144,4,4,50,1,27606
148,4,4,50,1,27606
149,3,4,50,1,27606
154,4,4,50,1,27606
161,2,4,50,1,27606
163,4,4,50,1,27606
168,5,4,50,1,27606
172,4,4,50,1,27606
173,5,4,50,1,27606
174,5,4,50,1,27606
175,4,4,50,1,27606
176,4,4,50,1,27606
177,4,4,50,1,27606
181,3,4,50,1,27606
182,5,4,50,1,27606
183,3,4,50,1,27606
184,3,4,50,1,27606
186,3,4,50,1,27606
187,5,4,50,1,27606
188,4,4,50,1,27606
190,5,4,50,1,27606
194,5,4,50,1,27606
195,5,4,50,1,27606
202,5,4,50,1,27606
204,4,4,50,1,27606
208,5,4,50,1,27606
209,5,4,50,1,27606
210,4,4,50,1,27606
216,3,4,50,1,27606
217,5,4,50,1,27606
221,2,4,50,1,27606
222,3,4,50,1,27606
226,3,4,50,1,27606
227,2,4,50,1,27606
228,5,4,50,1,27606
229,3,4,50,1,27606
230,2,4,50,1,27606
231,2,4,50,1,27606
232,3,4,50,1,27606
233,3,4,50,1,27606
235,1,4,50,1,27606
238,5,4,50,1,27606
239,3,4,50,1,27606
241,4,4,50,1,27606
244,4,4,50,1,27606
250,4,4,50,1,27606
252,3,4,50,1,27606
271,4,4,50,1,27606
273,3,4,50,1,27606
275,5,4,50,1,27606
277,4,4,50,1,27606
283,5,4,50,1,27606
284,5,4,50,1,27606
285,5,4,50,1,27606
286,4,4,50,1,27606
290,4,4,50,1,27606
293,4,4,50,1,27606
294,1,4,50,1,27606
298,3,4,50,1,27606
302,4,4,50,1,27606
325,4,4,50,1,27606
367,4,4,50,1,27606
373,2,4,50,1,27606
385,3,4,50,1,27606
399,3,4,50,1,27606
403,4,4,50,1,27606
408,5,4,50,1,27606
410,3,4,50,1,27606
414,4,4,50,1,27606
430,5,4,50,1,27606
431,5,4,50,1,27606
433,3,4,50,1,27606
435,5,4,50,1,27606
449,2,4,50,1,27606
450,3,4,50,1,27606
455,4,4,50,1,27606
471,4,4,50,1,27606
472,3,4,50,1,27606
483,5,4,50,1,27606
502,4,4,50,1,27606
510,3,4,50,1,27606
511,5,4,50,1,27606
514,3,4,50,1,27606
516,5,4,50,1,27606
518,4,4,50,1,27606
525,5,4,50,1,27606
530,4,4,50,1,27606
544,2,4,50,1,27606
546,3,4,50,1,27606
550,3,4,50,1,27606
562,4,4,50,1,27606
566,3,4,50,1,27606
568,4,4,50,1,27606
570,3,4,50,1,27606
576,4,4,50,1,27606
580,4,4,50,1,27606
583,3,4,50,1,27606
593,4,4,50,1,27606
636,4,4,50,1,27606
648,5,4,50,1,27606
651,5,4,50,1,27606
652,4,4,50,1,27606
659,5,4,50,1,27606
665,2,4,50,1,27606
684,3,4,50,1,27606
686,5,4,50,1,27606
694,5,4,50,1,27606
709,5,4,50,1,27606
729,3,4,50,1,27606
731,2,4,50,1,27606
742,4,4,50,1,27606
744,4,4,50,1,27606
745,4,4,50,1,27606
770,5,4,50,1,27606
797,3,4,50,1,27606
798,4,4,50,1,27606
803,3,4,50,1,27606
809,3,4,50,1,27606
810,4,4,50,1,27606
823,2,4,50,1,27606
825,4,4,50,1,27606
866,2,4,50,1,27606
978,3,4,50,1,27606
985,4,4,50,1,27606
1011,4,4,50,1,27606
1016,3,4,50,1,27606
1047,4,4,50,1,27606
1067,4,4,50,1,27606
1098,4,4,50,1,27606
1303,3,4,50,1,27606
1,3,19,17,1,60402
7,5,19,17,1,60402
24,4,19,17,1,60402
25,4,19,17,1,60402
64,5,19,17,1,60402
105,4,19,17,1,60402
117,5,19,17,1,60402
121,4,19,17,1,60402
122,3,19,17,1,60402
123,4,19,17,1,60402
125,4,19,17,1,60402
147,3,19,17,1,60402
151,4,19,17,1,60402
235,3,19,17,1,60402
240,5,19,17,1,60402
273,4,19,17,1,60402
276,4,19,17,1,60402
405,5,19,17,1,60402
412,1,19,17,1,60402
472,4,19,17,1,60402
546,3,19,17,1,60402
743,4,19,17,1,60402
756,3,19,17,1,60402
827,3,19,17,1,60402
833,4,19,17,1,60402
871,3,19,17,1,60402
1047,3,19,17,1,60402
1052,3,19,17,1,60402
1093,5,19,17,1,60402
1095,4,19,17,1,60402
1,4,18,45,1,99709
4,4,18,45,1,99709
8,2,18,45,1,99709
14,4,18,45,1,99709
22,3,18,45,1,99709
32,4,18,45,1,99709
44,4,18,45,1,99709
48,5,18,45,1,99709
50,4,18,45,1,99709
52,5,18,45,1,99709
56,5,18,45,1,99709
64,4,18,45,1,99709
69,3,18,45,1,99709
76,3,18,45,1,99709
81,5,18,45,1,99709
91,5,18,45,1,99709
96,5,18,45,1,99709
98,4,18,45,1,99709
100,5,18,45,1,99709
117,3,18,45,1,99709
127,3,18,45,1,99709
132,5,18,45,1,99709
133,4,18,45,1,99709
150,3,18,45,1,99709
165,4,18,45,1,99709
166,4,18,45,1,99709
170,5,18,45,1,99709
172,4,18,45,1,99709
173,4,18,45,1,99709
175,5,18,45,1,99709
178,5,18,45,1,99709
181,4,18,45,1,99709
186,4,18,45,1,99709
191,4,18,45,1,99709
194,4,18,45,1,99709
196,5,18,45,1,99709
197,4,18,45,1,99709
202,4,18,45,1,99709
204,4,18,45,1,99709
209,3,18,45,1,99709
215,3,18,45,1,99709
234,3,18,45,1,99709
246,4,18,45,1,99709
250,4,18,45,1,99709
268,4,18,45,1,99709
269,3,18,45,1,99709
270,3,18,45,1,99709
272,4,18,45,1,99709
275,2,18,45,1,99709
276,5,18,45,1,99709
286,3,18,45,1,99709
289,4,18,45,1,99709
294,2,18,45,1,99709
302,5,18,45,1,99709
313,3,18,45,1,99709
315,5,18,45,1,99709
318,5,18,45,1,99709
357,4,18,45,1,99709
419,4,18,45,1,99709
423,4,18,45,1,99709
425,4,18,45,1,99709
435,4,18,45,1,99709
461,5,18,45,1,99709
462,4,18,45,1,99709
471,3,18,45,1,99709
474,5,18,45,1,99709
475,5,18,45,1,99709
483,5,18,45,1,99709
493,4,18,45,1,99709
498,4,18,45,1,99709
508,1,18,45,1,99709
514,4,18,45,1,99709
515,2,18,45,1,99709
523,4,18,45,1,99709
531,4,18,45,1,99709
582,5,18,45,1,99709
589,3,18,45,1,99709
603,4,18,45,1,99709
630,3,18,45,1,99709
638,5,18,45,1,99709
651,3,18,45,1,99709
655,4,18,45,1,99709
690,4,18,45,1,99709
705,5,18,45,1,99709
708,4,18,45,1,99709
744,3,18,45,1,99709
747,3,18,45,1,99709
750,3,18,45,1,99709
900,5,18,45,1,99709
919,3,18,45,1,99709
921,4,18,45,1,99709
1128,2,18,45,1,99709
1149,5,18,45,1,99709
1,4,2,20,0,02139
13,4,2,20,0,02139
14,4,2,20,0,02139
50,5,2,20,0,02139
93,4,2,20,0,02139
100,2,2,20,0,02139
121,2,2,20,0,02139
123,4,2,20,0,02139
124,2,2,20,0,02139
127,5,2,20,0,02139
129,4,2,20,0,02139
147,4,2,20,0,02139
150,3,2,20,0,02139
151,4,2,20,0,02139
181,5,2,20,0,02139
221,4,2,20,0,02139
235,4,2,20,0,02139
246,5,2,20,0,02139
268,5,2,20,0,02139
273,4,2,20,0,02139
276,5,2,20,0,02139
278,2,2,20,0,02139
288,4,2,20,0,02139
291,4,2,20,0,02139
293,4,2,20,0,02139
319,4,2,20,0,02139
324,4,2,20,0,02139
325,1,2,20,0,02139
410,4,2,20,0,02139
458,4,2,20,0,02139
475,5,2,20,0,02139
628,4,2,20,0,02139
1,3,13,11,1,94619
7,4,13,11,1,94619
15,3,13,11,1,94619
21,1,13,11,1,94619
24,4,13,11,1,94619
109,3,13,11,1,94619
117,4,13,11,1,94619
121,3,13,11,1,94619
125,2,13,11,1,94619
147,3,13,11,1,94619
151,2,13,11,1,94619
222,2,13,11,1,94619
254,1,13,11,1,94619
282,3,13,11,1,94619
363,3,13,11,1,94619
405,2,13,11,1,94619
410,2,13,11,1,94619
455,4,13,11,1,94619
471,4,13,11,1,94619
473,1,13,11,1,94619
477,2,13,11,1,94619
685,4,13,11,1,94619
742,4,13,11,1,94619
815,3,13,11,1,94619
849,4,13,11,1,94619
926,3,13,11,1,94619
1016,5,13,11,1,94619
1,4,19,20,1,16125
7,3,19,20,1,16125
11,5,19,20,1,16125
12,5,19,20,1,16125
15,5,19,20,1,16125
25,4,19,20,1,16125
33,4,19,20,1,16125
50,5,19,20,1,16125
56,5,19,20,1,16125
96,5,19,20,1,16125
98,4,19,20,1,16125
109,4,19,20,1,16125
117,5,19,20,1,16125
121,4,19,20,1,16125
122,2,19,20,1,16125
132,4,19,20,1,16125
143,1,19,20,1,16125
144,4,19,20,1,16125
150,4,19,20,1,16125
151,4,19,20,1,16125
156,4,19,20,1,16125
164,5,19,20,1,16125
168,5,19,20,1,16125
172,5,19,20,1,16125
173,5,19,20,1,16125
174,4,19,20,1,16125
176,5,19,20,1,16125
179,5,19,20,1,16125
181,5,19,20,1,16125
184,3,19,20,1,16125
195,5,19,20,1,16125
210,4,19,20,1,16125
214,5,19,20,1,16125
222,5,19,20,1,16125
237,4,19,20,1,16125
240,3,19,20,1,16125
249,4,19,20,1,16125
252,3,19,20,1,16125
257,5,19,20,1,16125
258,4,19,20,1,16125
265,4,19,20,1,16125
268,5,19,20,1,16125
271,4,19,20,1,16125
282,5,19,20,1,16125
288,3,19,20,1,16125
298,5,19,20,1,16125
307,5,19,20,1,16125
313,5,19,20,1,16125
338,3,19,20,1,16125
358,4,19,20,1,16125
368,3,19,20,1,16125
405,5,19,20,1,16125
406,3,19,20,1,16125
410,3,19,20,1,16125
411,3,19,20,1,16125
421,5,19,20,1,16125
423,4,19,20,1,16125
475,5,19,20,1,16125
546,3,19,20,1,16125
588,3,19,20,1,16125
596,3,19,20,1,16125
597,4,19,20,1,16125
628,5,19,20,1,16125
678,4,19,20,1,16125
742,4,19,20,1,16125
743,1,19,20,1,16125
748,3,19,20,1,16125
751,5,19,20,1,16125
758,2,19,20,1,16125
763,5,19,20,1,16125
772,4,19,20,1,16125
789,4,19,20,1,16125
829,3,19,20,1,16125
886,5,19,20,1,16125
895,2,19,20,1,16125
928,3,19,20,1,16125
931,3,19,20,1,16125
977,3,19,20,1,16125
1012,4,19,20,1,16125
1014,3,19,20,1,16125
1016,5,19,20,1,16125
1047,2,19,20,1,16125
1057,2,19,20,1,16125
1059,3,19,20,1,16125
1095,3,19,20,1,16125
1165,3,19,20,1,16125
1,2,19,23,0,76111
2,1,19,23,0,76111
3,3,19,23,0,76111
4,2,19,23,0,76111
7,4,19,23,0,76111
8,3,19,23,0,76111
10,3,19,23,0,76111
11,3,19,23,0,76111
12,4,19,23,0,76111
13,3,19,23,0,76111
17,2,19,23,0,76111
25,2,19,23,0,76111
38,1,19,23,0,76111
39,2,19,23,0,76111
40,1,19,23,0,76111
42,4,19,23,0,76111
47,5,19,23,0,76111
49,2,19,23,0,76111
50,1,19,23,0,76111
52,2,19,23,0,76111
53,4,19,23,0,76111
54,2,19,23,0,76111
55,4,19,23,0,76111
56,5,19,23,0,76111
57,4,19,23,0,76111
62,2,19,23,0,76111
68,1,19,23,0,76111
70,2,19,23,0,76111
71,3,19,23,0,76111
72,2,19,23,0,76111
77,1,19,23,0,76111
80,1,19,23,0,76111
82,1,19,23,0,76111
85,3,19,23,0,76111
90,1,19,23,0,76111
91,5,19,23,0,76111
93,5,19,23,0,76111
95,2,19,23,0,76111
96,1,19,23,0,76111
98,4,19,23,0,76111
99,4,19,23,0,76111
100,4,19,23,0,76111
101,3,19,23,0,76111
102,2,19,23,0,76111
108,2,19,23,0,76111
111,2,19,23,0,76111
116,4,19,23,0,76111
117,1,19,23,0,76111
121,1,19,23,0,76111
122,2,19,23,0,76111
123,1,19,23,0,76111
129,2,19,23,0,76111
143,3,19,23,0,76111
145,1,19,23,0,76111
147,1,19,23,0,76111
148,1,19,23,0,76111
151,5,19,23,0,76111
154,5,19,23,0,76111
159,2,19,23,0,76111
161,1,19,23,0,76111
168,5,19,23,0,76111
171,4,19,23,0,76111
172,1,19,23,0,76111
173,3,19,23,0,76111
174,1,19,23,0,76111
175,5,19,23,0,76111
179,5,19,23,0,76111
181,1,19,23,0,76111
182,3,19,23,0,76111
185,5,19,23,0,76111
200,3,19,23,0,76111
202,3,19,23,0,76111
204,1,19,23,0,76111
208,4,19,23,0,76111
209,5,19,23,0,76111
213,3,19,23,0,76111
217,3,19,23,0,76111
218,2,19,23,0,76111
219,1,19,23,0,76111
225,2,19,23,0,76111
231,3,19,23,0,76111
235,2,19,23,0,76111
238,4,19,23,0,76111
239,2,19,23,0,76111
240,3,19,23,0,76111
256,4,19,23,0,76111
258,2,19,23,0,76111
262,5,19,23,0,76111
268,3,19,23,0,76111
270,2,19,23,0,76111
283,3,19,23,0,76111
287,4,19,23,0,76111
289,4,19,23,0,76111
290,2,19,23,0,76111
294,1,19,23,0,76111
299,2,19,23,0,76111
300,1,19,23,0,76111
301,3,19,23,0,76111
302,4,19,23,0,76111
312,3,19,23,0,76111
313,3,19,23,0,76111
320,5,19,23,0,76111
324,4,19,23,0,76111
325,3,19,23,0,76111
328,2,19,23,0,76111
334,4,19,23,0,76111
343,2,19,23,0,76111
346,4,19,23,0,76111
347,3,19,23,0,76111
358,1,19,23,0,76111
367,3,19,23,0,76111
369,1,19,23,0,76111
372,4,19,23,0,76111
382,2,19,23,0,76111
385,1,19,23,0,76111
386,4,19,23,0,76111
396,4,19,23,0,76111
401,2,19,23,0,76111
403,3,19,23,0,76111
404,3,19,23,0,76111
406,2,19,23,0,76111
413,1,19,23,0,76111
418,3,19,23,0,76111
419,4,19,23,0,76111
420,4,19,23,0,76111
423,2,19,23,0,76111
428,5,19,23,0,76111
432,5,19,23,0,76111
433,5,19,23,0,76111
455,1,19,23,0,76111
462,2,19,23,0,76111
465,3,19,23,0,76111
473,3,19,23,0,76111
475,4,19,23,0,76111
476,1,19,23,0,76111
477,2,19,23,0,76111
501,3,19,23,0,76111
508,3,19,23,0,76111
514,4,19,23,0,76111
518,4,19,23,0,76111
531,3,19,23,0,76111
542,2,19,23,0,76111
546,1,19,23,0,76111
547,5,19,23,0,76111
557,3,19,23,0,76111
559,2,19,23,0,76111
561,2,19,23,0,76111
569,3,19,23,0,76111
577,1,19,23,0,76111
581,3,19,23,0,76111
583,4,19,23,0,76111
588,4,19,23,0,76111
590,1,19,23,0,76111
594,3,19,23,0,76111
625,3,19,23,0,76111
627,2,19,23,0,76111
628,4,19,23,0,76111
640,1,19,23,0,76111
652,5,19,23,0,76111
657,5,19,23,0,76111
692,1,19,23,0,76111
695,3,19,23,0,76111
698,2,19,23,0,76111
702,3,19,23,0,76111
713,3,19,23,0,76111
715,3,19,23,0,76111
717,2,19,23,0,76111
721,2,19,23,0,76111
725,2,19,23,0,76111
732,3,19,23,0,76111
737,1,19,23,0,76111
738,3,19,23,0,76111
741,4,19,23,0,76111
758,1,19,23,0,76111
774,2,19,23,0,76111
789,4,19,23,0,76111
813,3,19,23,0,76111
820,1,19,23,0,76111
821,1,19,23,0,76111
878,2,19,23,0,76111
904,2,19,23,0,76111
919,5,19,23,0,76111
926,1,19,23,0,76111
928,2,19,23,0,76111
931,2,19,23,0,76111
946,2,19,23,0,76111
959,2,19,23,0,76111
995,3,19,23,0,76111
997,1,19,23,0,76111
998,2,19,23,0,76111
1003,2,19,23,0,76111
1009,3,19,23,0,76111
1017,3,19,23,0,76111
1018,2,19,23,0,76111
1021,5,19,23,0,76111
1028,2,19,23,0,76111
1036,2,19,23,0,76111
1066,2,19,23,0,76111
1067,3,19,23,0,76111
1068,3,19,23,0,76111
1069,3,19,23,0,76111
1070,3,19,23,0,76111
1071,3,19,23,0,76111
1072,1,19,23,0,76111
1073,5,19,23,0,76111
1074,2,19,23,0,76111
1075,2,19,23,0,76111
1076,2,19,23,0,76111
1077,4,19,23,0,76111
1078,1,19,23,0,76111
1079,1,19,23,0,76111
1080,4,19,23,0,76111
1081,3,19,23,0,76111
1082,3,19,23,0,76111
1083,2,19,23,0,76111
1,4,19,19,0,47906
8,2,19,19,0,47906
11,3,19,19,0,47906
22,5,19,19,0,47906
25,1,19,19,0,47906
28,4,19,19,0,47906
69,5,19,19,0,47906
71,5,19,19,0,47906
95,5,19,19,0,47906
111,4,19,19,0,47906
117,5,19,19,0,47906
118,2,19,19,0,47906
120,2,19,19,0,47906
121,3,19,19,0,47906
125,3,19,19,0,47906
143,4,19,19,0,47906
155,5,19,19,0,47906
173,5,19,19,0,47906
185,2,19,19,0,47906
216,5,19,19,0,47906
225,3,19,19,0,47906
237,5,19,19,0,47906
243,3,19,19,0,47906
248,1,19,19,0,47906
249,2,19,19,0,47906
252,1,19,19,0,47906
255,4,19,19,0,47906
257,4,19,19,0,47906
258,1,19,19,0,47906
259,3,19,19,0,47906
274,4,19,19,0,47906
276,4,19,19,0,47906
278,4,19,19,0,47906
282,4,19,19,0,47906
284,2,19,19,0,47906
286,1,19,19,0,47906
288,3,19,19,0,47906
289,1,19,19,0,47906
294,4,19,19,0,47906
295,3,19,19,0,47906
298,5,19,19,0,47906
300,3,19,19,0,47906
309,4,19,19,0,47906
313,5,19,19,0,47906
318,4,19,19,0,47906
321,1,19,19,0,47906
322,4,19,19,0,47906
323,2,19,19,0,47906
328,3,19,19,0,47906
329,2,19,19,0,47906
332,4,19,19,0,47906
333,4,19,19,0,47906
339,4,19,19,0,47906
369,1,19,19,0,47906
405,1,19,19,0,47906
409,3,19,19,0,47906
411,1,19,19,0,47906
423,3,19,19,0,47906
470,4,19,19,0,47906
476,3,19,19,0,47906
477,3,19,19,0,47906
535,3,19,19,0,47906
546,5,19,19,0,47906
591,3,19,19,0,47906
596,3,19,19,0,47906
597,4,19,19,0,47906
619,2,19,19,0,47906
620,2,19,19,0,47906
682,4,19,19,0,47906
717,1,19,19,0,47906
742,3,19,19,0,47906
749,4,19,19,0,47906
756,3,19,19,0,47906
763,3,19,19,0,47906
819,3,19,19,0,47906
820,4,19,19,0,47906
826,1,19,19,0,47906
845,4,19,19,0,47906
846,2,19,19,0,47906
864,3,19,19,0,47906
866,4,19,19,0,47906
873,3,19,19,0,47906
908,1,19,19,0,47906
924,1,19,19,0,47906
926,4,19,19,0,47906
929,3,19,19,0,47906
930,2,19,19,0,47906
969,5,19,19,0,47906
974,2,19,19,0,47906
975,1,19,19,0,47906
977,2,19,19,0,47906
984,3,19,19,0,47906
993,4,19,19,0,47906
1009,1,19,19,0,47906
1014,4,19,19,0,47906
1016,5,19,19,0,47906
1051,3,19,19,0,47906
1052,1,19,19,0,47906
1088,4,19,19,0,47906
1150,2,19,19,0,47906
1197,3,19,19,0,47906
1234,3,19,19,0,47906
1284,1,19,19,0,47906
1291,3,19,19,0,47906
1300,1,19,19,0,47906
1,4,11,25,1,46260
7,5,11,25,1,46260
11,4,11,25,1,46260
22,5,11,25,1,46260
25,4,11,25,1,46260
28,5,11,25,1,46260
29,3,11,25,1,46260
31,4,11,25,1,46260
38,2,11,25,1,46260
42,4,11,25,1,46260
44,4,11,25,1,46260
50,5,11,25,1,46260
51,3,11,25,1,46260
53,3,11,25,1,46260
56,5,11,25,1,46260
62,5,11,25,1,46260
63,3,11,25,1,46260
64,5,11,25,1,46260
66,3,11,25,1,46260
67,2,11,25,1,46260
68,3,11,25,1,46260
69,4,11,25,1,46260
70,4,11,25,1,46260
71,4,11,25,1,46260
73,4,11,25,1,46260
77,3,11,25,1,46260
78,3,11,25,1,46260
79,4,11,25,1,46260
82,4,11,25,1,46260
87,4,11,25,1,46260
88,1,11,25,1,46260
89,4,11,25,1,46260
90,2,11,25,1,46260
91,4,11,25,1,46260
94,4,11,25,1,46260
95,4,11,25,1,46260
96,5,11,25,1,46260
97,3,11,25,1,46260
98,4,11,25,1,46260
111,2,11,25,1,46260
114,4,11,25,1,46260
117,5,11,25,1,46260
118,4,11,25,1,46260
121,5,11,25,1,46260
122,2,11,25,1,46260
143,3,11,25,1,46260
144,5,11,25,1,46260
151,4,11,25,1,46260
153,4,11,25,1,46260
154,2,11,25,1,46260
158,3,11,25,1,46260
161,4,11,25,1,46260
164,4,11,25,1,46260
167,3,11,25,1,46260
168,2,11,25,1,46260
169,4,11,25,1,46260
172,5,11,25,1,46260
173,4,11,25,1,46260
174,5,11,25,1,46260
176,5,11,25,1,46260
179,3,11,25,1,46260
181,5,11,25,1,46260
183,5,11,25,1,46260
184,4,11,25,1,46260
186,3,11,25,1,46260
189,4,11,25,1,46260
191,4,11,25,1,46260
193,5,11,25,1,46260
194,5,11,25,1,46260
195,5,11,25,1,46260
196,2,11,25,1,46260
200,4,11,25,1,46260
201,4,11,25,1,46260
202,4,11,25,1,46260
204,5,11,25,1,46260
210,5,11,25,1,46260
215,5,11,25,1,46260
216,4,11,25,1,46260
219,5,11,25,1,46260
222,5,11,25,1,46260
225,2,11,25,1,46260
226,4,11,25,1,46260
227,3,11,25,1,46260
228,3,11,25,1,46260
229,3,11,25,1,46260
230,5,11,25,1,46260
231,3,11,25,1,46260
232,4,11,25,1,46260
233,1,11,25,1,46260
234,4,11,25,1,46260
235,1,11,25,1,46260
237,5,11,25,1,46260
238,5,11,25,1,46260
239,4,11,25,1,46260
258,4,11,25,1,46260
265,4,11,25,1,46260
280,4,11,25,1,46260
281,2,11,25,1,46260
294,4,11,25,1,46260
295,3,11,25,1,46260
298,4,11,25,1,46260
300,4,11,25,1,46260
323,3,11,25,1,46260
368,3,11,25,1,46260
372,3,11,25,1,46260
373,4,11,25,1,46260
376,3,11,25,1,46260
383,2,11,25,1,46260
385,4,11,25,1,46260
386,3,11,25,1,46260
391,3,11,25,1,46260
392,4,11,25,1,46260
393,4,11,25,1,46260
395,3,11,25,1,46260
399,4,11,25,1,46260
402,5,11,25,1,46260
403,4,11,25,1,46260
405,4,11,25,1,46260
408,4,11,25,1,46260
410,4,11,25,1,46260
421,4,11,25,1,46260
423,5,11,25,1,46260
426,4,11,25,1,46260
432,5,11,25,1,46260
433,4,11,25,1,46260
435,3,11,25,1,46260
441,4,11,25,1,46260
443,4,11,25,1,46260
447,4,11,25,1,46260
449,5,11,25,1,46260
450,3,11,25,1,46260
451,3,11,25,1,46260
473,2,11,25,1,46260
483,4,11,25,1,46260
501,3,11,25,1,46260
523,4,11,25,1,46260
546,3,11,25,1,46260
550,4,11,25,1,46260
554,4,11,25,1,46260
559,4,11,25,1,46260
568,4,11,25,1,46260
575,3,11,25,1,46260
578,3,11,25,1,46260
585,3,11,25,1,46260
588,4,11,25,1,46260
596,4,11,25,1,46260
597,3,11,25,1,46260
623,3,11,25,1,46260
636,4,11,25,1,46260
655,4,11,25,1,46260
678,4,11,25,1,46260
692,4,11,25,1,46260
715,1,11,25,1,46260
720,3,11,25,1,46260
728,3,11,25,1,46260
732,4,11,25,1,46260
735,2,11,25,1,46260
738,3,11,25,1,46260
746,4,11,25,1,46260
747,4,11,25,1,46260
748,4,11,25,1,46260
755,3,11,25,1,46260
761,3,11,25,1,46260
769,4,11,25,1,46260
778,4,11,25,1,46260
781,4,11,25,1,46260
794,3,11,25,1,46260
797,4,11,25,1,46260
815,4,11,25,1,46260
820,3,11,25,1,46260
849,2,11,25,1,46260
862,3,11,25,1,46260
869,3,11,25,1,46260
871,2,11,25,1,46260
930,3,11,25,1,46260
946,4,11,25,1,46260
969,3,11,25,1,46260
993,3,11,25,1,46260
1028,4,11,25,1,46260
1035,4,11,25,1,46260
1036,2,11,25,1,46260
1047,4,11,25,1,46260
1057,3,11,25,1,46260
1074,3,11,25,1,46260
1090,3,11,25,1,46260
1091,2,11,25,1,46260
1092,3,11,25,1,46260
1,4,15,30,1,06355
7,4,15,30,1,06355
9,3,15,30,1,06355
13,3,15,30,1,06355
100,4,15,30,1,06355
111,3,15,30,1,06355
117,3,15,30,1,06355
125,1,15,30,1,06355
126,4,15,30,1,06355
137,4,15,30,1,06355
150,5,15,30,1,06355
151,4,15,30,1,06355
221,2,15,30,1,06355
222,3,15,30,1,06355
237,2,15,30,1,06355
243,1,15,30,1,06355
245,2,15,30,1,06355
269,4,15,30,1,06355
276,4,15,30,1,06355
286,3,15,30,1,06355
294,4,15,30,1,06355
323,1,15,30,1,06355
471,2,15,30,1,06355
475,4,15,30,1,06355
508,3,15,30,1,06355
628,1,15,30,1,06355
744,3,15,30,1,06355
919,4,15,30,1,06355
1,5,5,46,1,80123
15,5,5,46,1,80123
50,4,5,46,1,80123
66,5,5,46,1,80123
71,5,5,46,1,80123
88,5,5,46,1,80123
95,5,5,46,1,80123
143,5,5,46,1,80123
172,4,5,46,1,80123
173,5,5,46,1,80123
174,4,5,46,1,80123
179,1,5,46,1,80123
180,3,5,46,1,80123
181,4,5,46,1,80123
186,4,5,46,1,80123
196,4,5,46,1,80123
199,5,5,46,1,80123
204,4,5,46,1,80123
205,4,5,46,1,80123
211,3,5,46,1,80123
215,5,5,46,1,80123
265,5,5,46,1,80123
274,4,5,46,1,80123
378,5,5,46,1,80123
402,4,5,46,1,80123
405,5,5,46,1,80123
417,5,5,46,1,80123
418,5,5,46,1,80123
423,4,5,46,1,80123
428,1,5,46,1,80123
435,4,5,46,1,80123
480,5,5,46,1,80123
486,4,5,46,1,80123
497,5,5,46,1,80123
502,2,5,46,1,80123
504,1,5,46,1,80123
520,5,5,46,1,80123
526,5,5,46,1,80123
584,3,5,46,1,80123
588,5,5,46,1,80123
662,2,5,46,1,80123
946,5,5,46,1,80123
969,5,5,46,1,80123
1133,5,5,46,1,80123
1,3,15,20,1,19104
7,4,15,20,1,19104
11,4,15,20,1,19104
12,5,15,20,1,19104
22,4,15,20,1,19104
23,5,15,20,1,19104
42,4,15,20,1,19104
47,3,15,20,1,19104
50,5,15,20,1,19104
55,3,15,20,1,19104
56,5,15,20,1,19104
59,4,15,20,1,19104
60,4,15,20,1,19104
64,4,15,20,1,19104
69,1,15,20,1,19104
79,4,15,20,1,19104
87,4,15,20,1,19104
89,5,15,20,1,19104
92,4,15,20,1,19104
96,3,15,20,1,19104
98,5,15,20,1,19104
100,5,15,20,1,19104
121,2,15,20,1,19104
124,3,15,20,1,19104
127,5,15,20,1,19104
129,3,15,20,1,19104
135,5,15,20,1,19104
144,5,15,20,1,19104
150,4,15,20,1,19104
153,4,15,20,1,19104
154,4,15,20,1,19104
156,5,15,20,1,19104
160,4,15,20,1,19104
161,3,15,20,1,19104
168,4,15,20,1,19104
172,5,15,20,1,19104
173,4,15,20,1,19104
174,4,15,20,1,19104
175,5,15,20,1,19104
176,4,15,20,1,19104
179,5,15,20,1,19104
181,4,15,20,1,19104
182,5,15,20,1,19104
183,4,15,20,1,19104
186,4,15,20,1,19104
187,4,15,20,1,19104
195,4,15,20,1,19104
196,3,15,20,1,19104
197,4,15,20,1,19104
198,4,15,20,1,19104
200,4,15,20,1,19104
203,4,15,20,1,19104
204,3,15,20,1,19104
209,4,15,20,1,19104
210,4,15,20,1,19104
216,4,15,20,1,19104
217,3,15,20,1,19104
221,3,15,20,1,19104
223,4,15,20,1,19104
238,3,15,20,1,19104
243,1,15,20,1,19104
245,3,15,20,1,19104
258,3,15,20,1,19104
260,2,15,20,1,19104
268,3,15,20,1,19104
270,1,15,20,1,19104
271,2,15,20,1,19104
276,5,15,20,1,19104
288,5,15,20,1,19104
289,2,15,20,1,19104
292,3,15,20,1,19104
294,4,15,20,1,19104
299,4,15,20,1,19104
300,2,15,20,1,19104
302,4,15,20,1,19104
307,4,15,20,1,19104
318,4,15,20,1,19104
321,2,15,20,1,19104
322,2,15,20,1,19104
324,4,15,20,1,19104
327,3,15,20,1,19104
333,4,15,20,1,19104
334,3,15,20,1,19104
336,2,15,20,1,19104
338,3,15,20,1,19104
340,4,15,20,1,19104
343,3,15,20,1,19104
358,2,15,20,1,19104
403,5,15,20,1,19104
421,3,15,20,1,19104
433,4,15,20,1,19104
469,4,15,20,1,19104
470,5,15,20,1,19104
475,4,15,20,1,19104
508,4,15,20,1,19104
527,4,15,20,1,19104
568,3,15,20,1,19104
628,2,15,20,1,19104
642,4,15,20,1,19104
651,3,15,20,1,19104
654,4,15,20,1,19104
678,3,15,20,1,19104
689,3,15,20,1,19104
693,4,15,20,1,19104
748,3,15,20,1,19104
806,4,15,20,1,19104
878,1,15,20,1,19104
919,4,15,20,1,19104
948,2,15,20,1,19104
960,3,15,20,1,19104
963,4,15,20,1,19104
1039,3,15,20,1,19104
1067,4,15,20,1,19104
1110,3,15,20,1,19104
1218,4,15,20,1,19104
1,4,1,38,1,02154
4,4,1,38,1,02154
7,3,1,38,1,02154
8,3,1,38,1,02154
9,4,1,38,1,02154
12,5,1,38,1,02154
13,4,1,38,1,02154
15,4,1,38,1,02154
22,5,1,38,1,02154
23,4,1,38,1,02154
25,2,1,38,1,02154
26,3,1,38,1,02154
28,5,1,38,1,02154
29,2,1,38,1,02154
30,3,1,38,1,02154
31,3,1,38,1,02154
44,4,1,38,1,02154
50,3,1,38,1,02154
51,4,1,38,1,02154
52,4,1,38,1,02154
54,3,1,38,1,02154
56,5,1,38,1,02154
58,4,1,38,1,02154
62,2,1,38,1,02154
64,5,1,38,1,02154
66,3,1,38,1,02154
67,1,1,38,1,02154
69,4,1,38,1,02154
70,3,1,38,1,02154
71,4,1,38,1,02154
72,3,1,38,1,02154
73,3,1,38,1,02154
76,2,1,38,1,02154
77,3,1,38,1,02154
78,1,1,38,1,02154
79,3,1,38,1,02154
81,2,1,38,1,02154
82,2,1,38,1,02154
83,3,1,38,1,02154
86,3,1,38,1,02154
87,4,1,38,1,02154
88,3,1,38,1,02154
89,3,1,38,1,02154
90,3,1,38,1,02154
91,3,1,38,1,02154
94,3,1,38,1,02154
95,3,1,38,1,02154
97,3,1,38,1,02154
98,4,1,38,1,02154
99,3,1,38,1,02154
100,4,1,38,1,02154
117,3,1,38,1,02154
118,3,1,38,1,02154
121,2,1,38,1,02154
124,4,1,38,1,02154
125,2,1,38,1,02154
127,5,1,38,1,02154
132,3,1,38,1,02154
133,3,1,38,1,02154
134,2,1,38,1,02154
135,3,1,38,1,02154
136,5,1,38,1,02154
143,3,1,38,1,02154
144,4,1,38,1,02154
152,3,1,38,1,02154
153,3,1,38,1,02154
154,3,1,38,1,02154
155,3,1,38,1,02154
157,4,1,38,1,02154
159,3,1,38,1,02154
160,2,1,38,1,02154
161,4,1,38,1,02154
162,3,1,38,1,02154
165,4,1,38,1,02154
167,2,1,38,1,02154
168,5,1,38,1,02154
172,3,1,38,1,02154
173,5,1,38,1,02154
174,4,1,38,1,02154
175,3,1,38,1,02154
177,3,1,38,1,02154
178,3,1,38,1,02154
179,4,1,38,1,02154
180,3,1,38,1,02154
181,3,1,38,1,02154
182,3,1,38,1,02154
183,3,1,38,1,02154
185,4,1,38,1,02154
186,5,1,38,1,02154
187,4,1,38,1,02154
188,4,1,38,1,02154
191,4,1,38,1,02154
192,5,1,38,1,02154
193,4,1,38,1,02154
194,4,1,38,1,02154
195,3,1,38,1,02154
196,3,1,38,1,02154
197,4,1,38,1,02154
198,3,1,38,1,02154
199,4,1,38,1,02154
202,3,1,38,1,02154
203,3,1,38,1,02154
204,4,1,38,1,02154
205,3,1,38,1,02154
208,3,1,38,1,02154
209,3,1,38,1,02154
210,3,1,38,1,02154
211,4,1,38,1,02154
212,1,1,38,1,02154
213,2,1,38,1,02154
215,3,1,38,1,02154
216,3,1,38,1,02154
218,4,1,38,1,02154
219,2,1,38,1,02154
222,1,1,38,1,02154
223,4,1,38,1,02154
225,3,1,38,1,02154
226,3,1,38,1,02154
227,1,1,38,1,02154
228,1,1,38,1,02154
229,1,1,38,1,02154
230,1,1,38,1,02154
232,2,1,38,1,02154
234,3,1,38,1,02154
235,2,1,38,1,02154
237,3,1,38,1,02154
238,5,1,38,1,02154
239,3,1,38,1,02154
241,2,1,38,1,02154
259,2,1,38,1,02154
265,4,1,38,1,02154
274,2,1,38,1,02154
276,3,1,38,1,02154
281,2,1,38,1,02154
282,3,1,38,1,02154
284,3,1,38,1,02154
286,1,1,38,1,02154
289,1,1,38,1,02154
294,4,1,38,1,02154
317,4,1,38,1,02154
318,5,1,38,1,02154
321,3,1,38,1,02154
356,2,1,38,1,02154
357,4,1,38,1,02154
366,2,1,38,1,02154
367,3,1,38,1,02154
371,3,1,38,1,02154
376,2,1,38,1,02154
380,1,1,38,1,02154
383,1,1,38,1,02154
385,2,1,38,1,02154
387,2,1,38,1,02154
393,2,1,38,1,02154
399,2,1,38,1,02154
402,3,1,38,1,02154
403,2,1,38,1,02154
404,3,1,38,1,02154
405,2,1,38,1,02154
410,3,1,38,1,02154
414,3,1,38,1,02154
417,2,1,38,1,02154
419,2,1,38,1,02154
423,3,1,38,1,02154
425,2,1,38,1,02154
427,4,1,38,1,02154
431,4,1,38,1,02154
432,4,1,38,1,02154
433,3,1,38,1,02154
435,4,1,38,1,02154
443,3,1,38,1,02154
449,1,1,38,1,02154
450,1,1,38,1,02154
451,2,1,38,1,02154
456,1,1,38,1,02154
465,3,1,38,1,02154
466,4,1,38,1,02154
467,5,1,38,1,02154
470,3,1,38,1,02154
471,3,1,38,1,02154
474,4,1,38,1,02154
478,3,1,38,1,02154
479,3,1,38,1,02154
481,3,1,38,1,02154
482,3,1,38,1,02154
483,4,1,38,1,02154
485,3,1,38,1,02154
488,3,1,38,1,02154
491,3,1,38,1,02154
496,4,1,38,1,02154
498,3,1,38,1,02154
501,3,1,38,1,02154
502,4,1,38,1,02154
503,4,1,38,1,02154
504,2,1,38,1,02154
507,4,1,38,1,02154
509,3,1,38,1,02154
510,4,1,38,1,02154
511,4,1,38,1,02154
514,3,1,38,1,02154
515,4,1,38,1,02154
516,3,1,38,1,02154
517,3,1,38,1,02154
518,4,1,38,1,02154
519,4,1,38,1,02154
520,5,1,38,1,02154
521,4,1,38,1,02154
523,5,1,38,1,02154
526,4,1,38,1,02154
527,4,1,38,1,02154
529,4,1,38,1,02154
530,4,1,38,1,02154
540,1,1,38,1,02154
542,3,1,38,1,02154
546,3,1,38,1,02154
549,3,1,38,1,02154
550,3,1,38,1,02154
559,2,1,38,1,02154
562,2,1,38,1,02154
566,4,1,38,1,02154
568,2,1,38,1,02154
570,3,1,38,1,02154
575,1,1,38,1,02154
576,2,1,38,1,02154
580,4,1,38,1,02154
582,1,1,38,1,02154
588,4,1,38,1,02154
604,3,1,38,1,02154
616,3,1,38,1,02154
623,1,1,38,1,02154
624,2,1,38,1,02154
625,3,1,38,1,02154
628,3,1,38,1,02154
629,3,1,38,1,02154
631,2,1,38,1,02154
633,3,1,38,1,02154
636,2,1,38,1,02154
640,1,1,38,1,02154
642,2,1,38,1,02154
647,4,1,38,1,02154
648,4,1,38,1,02154
651,3,1,38,1,02154
654,2,1,38,1,02154
655,5,1,38,1,02154
657,4,1,38,1,02154
659,4,1,38,1,02154
660,3,1,38,1,02154
661,5,1,38,1,02154
663,4,1,38,1,02154
674,2,1,38,1,02154
679,2,1,38,1,02154
692,2,1,38,1,02154
693,4,1,38,1,02154
705,2,1,38,1,02154
708,3,1,38,1,02154
710,3,1,38,1,02154
712,3,1,38,1,02154
715,3,1,38,1,02154
720,2,1,38,1,02154
732,3,1,38,1,02154
735,4,1,38,1,02154
736,2,1,38,1,02154
737,4,1,38,1,02154
739,3,1,38,1,02154
744,3,1,38,1,02154
756,1,1,38,1,02154
762,3,1,38,1,02154
770,4,1,38,1,02154
780,2,1,38,1,02154
783,2,1,38,1,02154
790,1,1,38,1,02154
792,4,1,38,1,02154
808,2,1,38,1,02154
820,1,1,38,1,02154
837,4,1,38,1,02154
864,2,1,38,1,02154
871,2,1,38,1,02154
939,3,1,38,1,02154
941,2,1,38,1,02154
944,2,1,38,1,02154
946,3,1,38,1,02154
951,3,1,38,1,02154
971,3,1,38,1,02154
991,2,1,38,1,02154
997,3,1,38,1,02154
1011,3,1,38,1,02154
1028,2,1,38,1,02154
1041,2,1,38,1,02154
1044,2,1,38,1,02154
1045,2,1,38,1,02154
1058,2,1,38,1,02154
1066,3,1,38,1,02154
1091,3,1,38,1,02154
1093,3,1,38,1,02154
1107,3,1,38,1,02154
1112,3,1,38,1,02154
1183,2,1,38,1,02154
1206,1,1,38,1,02154
1207,1,1,38,1,02154
1211,2,1,38,1,02154
1220,3,1,38,1,02154
1408,1,1,38,1,02154
1409,2,1,38,1,02154
1410,2,1,38,1,02154
1411,1,1,38,1,02154
1412,2,1,38,1,02154
1,4,7,29,1,95110
2,4,7,29,1,95110
7,4,7,29,1,95110
9,2,7,29,1,95110
12,5,7,29,1,95110
23,4,7,29,1,95110
28,4,7,29,1,95110
44,4,7,29,1,95110
50,5,7,29,1,95110
55,5,7,29,1,95110
56,4,7,29,1,95110
64,5,7,29,1,95110
69,5,7,29,1,95110
71,5,7,29,1,95110
81,4,7,29,1,95110
89,4,7,29,1,95110
91,5,7,29,1,95110
92,5,7,29,1,95110
95,5,7,29,1,95110
96,2,7,29,1,95110
98,5,7,29,1,95110
100,5,7,29,1,95110
111,4,7,29,1,95110
116,4,7,29,1,95110
117,3,7,29,1,95110
123,3,7,29,1,95110
127,4,7,29,1,95110
129,4,7,29,1,95110
135,5,7,29,1,95110
140,3,7,29,1,95110
144,4,7,29,1,95110
151,4,7,29,1,95110
153,2,7,29,1,95110
154,4,7,29,1,95110
159,4,7,29,1,95110
174,3,7,29,1,95110
175,5,7,29,1,95110
179,4,7,29,1,95110
181,4,7,29,1,95110
183,4,7,29,1,95110
184,1,7,29,1,95110
191,5,7,29,1,95110
195,2,7,29,1,95110
196,4,7,29,1,95110
200,5,7,29,1,95110
202,4,7,29,1,95110
204,2,7,29,1,95110
222,4,7,29,1,95110
223,4,7,29,1,95110
234,3,7,29,1,95110
235,2,7,29,1,95110
237,2,7,29,1,95110
238,4,7,29,1,95110
240,4,7,29,1,95110
244,4,7,29,1,95110
248,2,7,29,1,95110
258,4,7,29,1,95110
259,1,7,29,1,95110
260,4,7,29,1,95110
264,3,7,29,1,95110
270,4,7,29,1,95110
271,4,7,29,1,95110
276,4,7,29,1,95110
288,4,7,29,1,95110
293,4,7,29,1,95110
294,1,7,29,1,95110
313,5,7,29,1,95110
321,5,7,29,1,95110
322,3,7,29,1,95110
323,2,7,29,1,95110
324,2,7,29,1,95110
325,4,7,29,1,95110
328,3,7,29,1,95110
331,3,7,29,1,95110
333,4,7,29,1,95110
338,4,7,29,1,95110
340,4,7,29,1,95110
357,4,7,29,1,95110
367,4,7,29,1,95110
378,4,7,29,1,95110
404,4,7,29,1,95110
418,5,7,29,1,95110
458,5,7,29,1,95110
469,4,7,29,1,95110
474,5,7,29,1,95110
475,4,7,29,1,95110
477,3,7,29,1,95110
480,5,7,29,1,95110
485,4,7,29,1,95110
496,4,7,29,1,95110
501,5,7,29,1,95110
527,4,7,29,1,95110
558,4,7,29,1,95110
582,4,7,29,1,95110
588,5,7,29,1,95110
596,5,7,29,1,95110
628,4,7,29,1,95110
629,4,7,29,1,95110
676,5,7,29,1,95110
678,2,7,29,1,95110
687,1,7,29,1,95110
688,2,7,29,1,95110
742,3,7,29,1,95110
748,2,7,29,1,95110
751,2,7,29,1,95110
754,4,7,29,1,95110
813,5,7,29,1,95110
844,4,7,29,1,95110
933,3,7,29,1,95110
943,4,7,29,1,95110
948,3,7,29,1,95110
969,5,7,29,1,95110
984,3,7,29,1,95110
988,4,7,29,1,95110
991,2,7,29,1,95110
993,5,7,29,1,95110
1014,4,7,29,1,95110
1073,5,7,29,1,95110
1137,5,7,29,1,95110
1161,4,7,29,1,95110
1199,3,7,29,1,95110
1426,5,7,29,1,95110
1,2,7,33,1,55345
2,4,7,33,1,55345
7,4,7,33,1,55345
8,3,7,33,1,55345
11,4,7,33,1,55345
12,5,7,33,1,55345
13,4,7,33,1,55345
24,5,7,33,1,55345
25,4,7,33,1,55345
31,4,7,33,1,55345
42,5,7,33,1,55345
48,5,7,33,1,55345
50,5,7,33,1,55345
55,5,7,33,1,55345
56,5,7,33,1,55345
64,5,7,33,1,55345
69,3,7,33,1,55345
70,3,7,33,1,55345
79,5,7,33,1,55345
97,5,7,33,1,55345
98,5,7,33,1,55345
100,5,7,33,1,55345
106,4,7,33,1,55345
117,4,7,33,1,55345
118,4,7,33,1,55345
121,5,7,33,1,55345
125,5,7,33,1,55345
127,5,7,33,1,55345
132,5,7,33,1,55345
133,3,7,33,1,55345
135,5,7,33,1,55345
143,5,7,33,1,55345
144,5,7,33,1,55345
151,5,7,33,1,55345
154,5,7,33,1,55345
156,5,7,33,1,55345
157,4,7,33,1,55345
164,5,7,33,1,55345
170,5,7,33,1,55345
172,5,7,33,1,55345
173,5,7,33,1,55345
174,5,7,33,1,55345
175,4,7,33,1,55345
176,4,7,33,1,55345
180,5,7,33,1,55345
181,4,7,33,1,55345
182,4,7,33,1,55345
185,5,7,33,1,55345
187,5,7,33,1,55345
192,5,7,33,1,55345
193,4,7,33,1,55345
194,4,7,33,1,55345
195,5,7,33,1,55345
197,5,7,33,1,55345
199,5,7,33,1,55345
200,5,7,33,1,55345
204,5,7,33,1,55345
212,4,7,33,1,55345
213,5,7,33,1,55345
214,5,7,33,1,55345
218,4,7,33,1,55345
222,3,7,33,1,55345
229,4,7,33,1,55345
234,4,7,33,1,55345
235,1,7,33,1,55345
238,5,7,33,1,55345
252,3,7,33,1,55345
257,4,7,33,1,55345
258,4,7,33,1,55345
273,5,7,33,1,55345
274,5,7,33,1,55345
281,4,7,33,1,55345
284,5,7,33,1,55345
286,3,7,33,1,55345
288,4,7,33,1,55345
294,3,7,33,1,55345
318,5,7,33,1,55345
357,5,7,33,1,55345
393,3,7,33,1,55345
405,3,7,33,1,55345
432,4,7,33,1,55345
447,4,7,33,1,55345
448,4,7,33,1,55345
455,4,7,33,1,55345
458,4,7,33,1,55345
463,5,7,33,1,55345
471,3,7,33,1,55345
474,2,7,33,1,55345
475,4,7,33,1,55345
478,5,7,33,1,55345
479,4,7,33,1,55345
483,5,7,33,1,55345
502,5,7,33,1,55345
504,5,7,33,1,55345
508,4,7,33,1,55345
509,4,7,33,1,55345
511,4,7,33,1,55345
514,5,7,33,1,55345
515,4,7,33,1,55345
521,4,7,33,1,55345
546,4,7,33,1,55345
568,4,7,33,1,55345
582,4,7,33,1,55345
591,4,7,33,1,55345
597,5,7,33,1,55345
603,5,7,33,1,55345
609,4,7,33,1,55345
627,4,7,33,1,55345
628,5,7,33,1,55345
655,4,7,33,1,55345
678,4,7,33,1,55345
684,4,7,33,1,55345
685,3,7,33,1,55345
690,3,7,33,1,55345
692,4,7,33,1,55345
715,5,7,33,1,55345
735,5,7,33,1,55345
756,2,7,33,1,55345
778,5,7,33,1,55345
831,4,7,33,1,55345
841,4,7,33,1,55345
924,4,7,33,1,55345
942,4,7,33,1,55345
985,3,7,33,1,55345
1012,3,7,33,1,55345
1215,1,7,33,1,55345
1,4,19,32,1,97301
23,5,19,32,1,97301
50,5,19,32,1,97301
89,4,19,32,1,97301
98,4,19,32,1,97301
127,5,19,32,1,97301
132,5,19,32,1,97301
133,5,19,32,1,97301
136,5,19,32,1,97301
153,3,19,32,1,97301
168,5,19,32,1,97301
172,5,19,32,1,97301
173,4,19,32,1,97301
174,5,19,32,1,97301
176,4,19,32,1,97301
179,5,19,32,1,97301
181,4,19,32,1,97301
183,3,19,32,1,97301
185,5,19,32,1,97301
187,5,19,32,1,97301
190,4,19,32,1,97301
193,4,19,32,1,97301
195,5,19,32,1,97301
204,4,19,32,1,97301
210,4,19,32,1,97301
211,2,19,32,1,97301
214,3,19,32,1,97301
228,4,19,32,1,97301
258,3,19,32,1,97301
265,2,19,32,1,97301
271,3,19,32,1,97301
286,5,19,32,1,97301
324,4,19,32,1,97301
340,4,19,32,1,97301
427,5,19,32,1,97301
429,4,19,32,1,97301
435,5,19,32,1,97301
479,5,19,32,1,97301
480,5,19,32,1,97301
483,5,19,32,1,97301
489,4,19,32,1,97301
515,5,19,32,1,97301
530,4,19,32,1,97301
589,5,19,32,1,97301
603,5,19,32,1,97301
604,5,19,32,1,97301
616,4,19,32,1,97301
654,5,19,32,1,97301
657,5,19,32,1,97301
1039,4,19,32,1,97301
1,4,19,24,0,45660
7,4,19,24,0,45660
15,4,19,24,0,45660
25,4,19,24,0,45660
100,4,19,24,0,45660
107,4,19,24,0,45660
111,5,19,24,0,45660
117,4,19,24,0,45660
118,4,19,24,0,45660
121,5,19,24,0,45660
123,5,19,24,0,45660
126,5,19,24,0,45660
147,5,19,24,0,45660
151,3,19,24,0,45660
225,3,19,24,0,45660
237,4,19,24,0,45660
240,3,19,24,0,45660
243,3,19,24,0,45660
245,4,19,24,0,45660
276,3,19,24,0,45660
288,5,19,24,0,45660
291,4,19,24,0,45660
294,4,19,24,0,45660
313,5,19,24,0,45660
323,5,19,24,0,45660
368,3,19,24,0,45660
369,3,19,24,0,45660
370,4,19,24,0,45660
405,4,19,24,0,45660
406,4,19,24,0,45660
409,4,19,24,0,45660
411,4,19,24,0,45660
412,2,19,24,0,45660
472,4,19,24,0,45660
473,3,19,24,0,45660
476,4,19,24,0,45660
477,3,19,24,0,45660
546,3,19,24,0,45660
596,4,19,24,0,45660
628,4,19,24,0,45660
685,4,19,24,0,45660
742,4,19,24,0,45660
756,4,19,24,0,45660
819,4,19,24,0,45660
827,4,19,24,0,45660
831,4,19,24,0,45660
834,4,19,24,0,45660
924,4,19,24,0,45660
926,3,19,24,0,45660
928,5,19,24,0,45660
934,4,19,24,0,45660
974,4,19,24,0,45660
975,4,19,24,0,45660
988,3,19,24,0,45660
1028,4,19,24,0,45660
1060,3,19,24,0,45660
1061,5,19,24,0,45660
1120,3,19,24,0,45660
1,4,1,59,0,15237
9,5,1,59,0,15237
14,5,1,59,0,15237
19,4,1,59,0,15237
100,5,1,59,0,15237
124,5,1,59,0,15237
126,4,1,59,0,15237
127,4,1,59,0,15237
137,1,1,59,0,15237
221,3,1,59,0,15237
242,5,1,59,0,15237
248,3,1,59,0,15237
251,5,1,59,0,15237
269,5,1,59,0,15237
274,3,1,59,0,15237
275,2,1,59,0,15237
276,5,1,59,0,15237
285,5,1,59,0,15237
286,5,1,59,0,15237
287,4,1,59,0,15237
293,3,1,59,0,15237
297,4,1,59,0,15237
302,5,1,59,0,15237
313,5,1,59,0,15237
536,5,1,59,0,15237
744,4,1,59,0,15237
750,5,1,59,0,15237
813,3,1,59,0,15237
845,4,1,59,0,15237
1281,4,1,59,0,15237
1,4,16,61,1,55125
8,4,16,61,1,55125
9,4,16,61,1,55125
12,4,16,61,1,55125
14,4,16,61,1,55125
15,3,16,61,1,55125
22,4,16,61,1,55125
25,4,16,61,1,55125
28,4,16,61,1,55125
45,3,16,61,1,55125
48,3,16,61,1,55125
59,4,16,61,1,55125
64,4,16,61,1,55125
69,4,16,61,1,55125
70,3,16,61,1,55125
77,4,16,61,1,55125
82,3,16,61,1,55125
86,3,16,61,1,55125
88,3,16,61,1,55125
97,5,16,61,1,55125
100,3,16,61,1,55125
107,4,16,61,1,55125
161,3,16,61,1,55125
162,5,16,61,1,55125
165,5,16,61,1,55125
191,5,16,61,1,55125
194,5,16,61,1,55125
196,5,16,61,1,55125
210,4,16,61,1,55125
211,4,16,61,1,55125
213,4,16,61,1,55125
216,5,16,61,1,55125
223,4,16,61,1,55125
244,4,16,61,1,55125
273,3,16,61,1,55125
274,3,16,61,1,55125
275,4,16,61,1,55125
280,2,16,61,1,55125
285,4,16,61,1,55125
286,4,16,61,1,55125
313,4,16,61,1,55125
318,5,16,61,1,55125
435,3,16,61,1,55125
463,3,16,61,1,55125
495,4,16,61,1,55125
526,4,16,61,1,55125
566,4,16,61,1,55125
582,4,16,61,1,55125
584,4,16,61,1,55125
647,3,16,61,1,55125
660,4,16,61,1,55125
684,4,16,61,1,55125
692,3,16,61,1,55125
699,4,16,61,1,55125
703,4,16,61,1,55125
712,3,16,61,1,55125
739,3,16,61,1,55125
778,4,16,61,1,55125
828,2,16,61,1,55125
923,4,16,61,1,55125
956,3,16,61,1,55125
1028,3,16,61,1,55125
1115,4,16,61,1,55125
1242,4,16,61,1,55125
1,3,16,60,1,94702
2,2,16,60,1,94702
4,4,16,60,1,94702
5,3,16,60,1,94702
7,2,16,60,1,94702
8,5,16,60,1,94702
9,3,16,60,1,94702
10,3,16,60,1,94702
11,2,16,60,1,94702
12,1,16,60,1,94702
13,3,16,60,1,94702
14,3,16,60,1,94702
15,3,16,60,1,94702
16,2,16,60,1,94702
20,4,16,60,1,94702
21,3,16,60,1,94702
22,4,16,60,1,94702
23,4,16,60,1,94702
25,3,16,60,1,94702
28,4,16,60,1,94702
30,4,16,60,1,94702
31,4,16,60,1,94702
32,3,16,60,1,94702
40,2,16,60,1,94702
44,3,16,60,1,94702
45,4,16,60,1,94702
47,2,16,60,1,94702
48,2,16,60,1,94702
50,4,16,60,1,94702
52,4,16,60,1,94702
54,2,16,60,1,94702
56,3,16,60,1,94702
64,4,16,60,1,94702
66,3,16,60,1,94702
69,4,16,60,1,94702
70,3,16,60,1,94702
71,3,16,60,1,94702
72,3,16,60,1,94702
73,2,16,60,1,94702
76,2,16,60,1,94702
77,3,16,60,1,94702
79,3,16,60,1,94702
81,3,16,60,1,94702
82,3,16,60,1,94702
85,2,16,60,1,94702
86,2,16,60,1,94702
87,3,16,60,1,94702
88,3,16,60,1,94702
89,3,16,60,1,94702
91,5,16,60,1,94702
93,3,16,60,1,94702
95,3,16,60,1,94702
96,2,16,60,1,94702
97,2,16,60,1,94702
98,4,16,60,1,94702
99,5,16,60,1,94702
100,4,16,60,1,94702
102,2,16,60,1,94702
106,4,16,60,1,94702
111,3,16,60,1,94702
116,2,16,60,1,94702
117,2,16,60,1,94702
119,3,16,60,1,94702
124,4,16,60,1,94702
125,3,16,60,1,94702
127,4,16,60,1,94702
130,1,16,60,1,94702
131,3,16,60,1,94702
132,4,16,60,1,94702
133,3,16,60,1,94702
134,5,16,60,1,94702
135,4,16,60,1,94702
136,4,16,60,1,94702
137,3,16,60,1,94702
140,2,16,60,1,94702
141,3,16,60,1,94702
142,2,16,60,1,94702
143,3,16,60,1,94702
144,3,16,60,1,94702
147,3,16,60,1,94702
148,3,16,60,1,94702
151,3,16,60,1,94702
152,4,16,60,1,94702
153,3,16,60,1,94702
154,3,16,60,1,94702
156,2,16,60,1,94702
157,2,16,60,1,94702
160,2,16,60,1,94702
161,3,16,60,1,94702
162,3,16,60,1,94702
163,3,16,60,1,94702
164,3,16,60,1,94702
165,5,16,60,1,94702
166,5,16,60,1,94702
168,3,16,60,1,94702
170,5,16,60,1,94702
172,3,16,60,1,94702
173,3,16,60,1,94702
174,3,16,60,1,94702
175,2,16,60,1,94702
176,3,16,60,1,94702
177,3,16,60,1,94702
178,5,16,60,1,94702
179,3,16,60,1,94702
180,3,16,60,1,94702
181,3,16,60,1,94702
182,3,16,60,1,94702
183,4,16,60,1,94702
185,3,16,60,1,94702
186,3,16,60,1,94702
187,4,16,60,1,94702
188,2,16,60,1,94702
190,3,16,60,1,94702
191,4,16,60,1,94702
192,3,16,60,1,94702
193,4,16,60,1,94702
194,5,16,60,1,94702
195,2,16,60,1,94702
196,3,16,60,1,94702
197,5,16,60,1,94702
198,3,16,60,1,94702
199,5,16,60,1,94702
200,5,16,60,1,94702
202,3,16,60,1,94702
204,2,16,60,1,94702
205,3,16,60,1,94702
206,4,16,60,1,94702
207,2,16,60,1,94702
208,4,16,60,1,94702
209,4,16,60,1,94702
210,3,16,60,1,94702
211,3,16,60,1,94702
212,2,16,60,1,94702
213,3,16,60,1,94702
215,3,16,60,1,94702
216,3,16,60,1,94702
218,2,16,60,1,94702
219,2,16,60,1,94702
221,2,16,60,1,94702
222,3,16,60,1,94702
223,3,16,60,1,94702
224,4,16,60,1,94702
226,2,16,60,1,94702
228,3,16,60,1,94702
229,4,16,60,1,94702
233,2,16,60,1,94702
234,4,16,60,1,94702
236,3,16,60,1,94702
237,3,16,60,1,94702
238,3,16,60,1,94702
241,2,16,60,1,94702
242,4,16,60,1,94702
243,1,16,60,1,94702
258,2,16,60,1,94702
259,2,16,60,1,94702
265,3,16,60,1,94702
268,2,16,60,1,94702
273,3,16,60,1,94702
274,3,16,60,1,94702
276,3,16,60,1,94702
277,3,16,60,1,94702
279,3,16,60,1,94702
280,3,16,60,1,94702
283,3,16,60,1,94702
284,3,16,60,1,94702
285,4,16,60,1,94702
286,3,16,60,1,94702
287,3,16,60,1,94702
288,3,16,60,1,94702
289,4,16,60,1,94702
290,3,16,60,1,94702
291,3,16,60,1,94702
292,4,16,60,1,94702
294,3,16,60,1,94702
300,3,16,60,1,94702
301,3,16,60,1,94702
304,3,16,60,1,94702
307,2,16,60,1,94702
313,4,16,60,1,94702
316,4,16,60,1,94702
317,2,16,60,1,94702
318,4,16,60,1,94702
319,3,16,60,1,94702
321,2,16,60,1,94702
322,2,16,60,1,94702
328,2,16,60,1,94702
329,2,16,60,1,94702
357,4,16,60,1,94702
358,1,16,60,1,94702
367,4,16,60,1,94702
371,3,16,60,1,94702
378,4,16,60,1,94702
381,3,16,60,1,94702
385,2,16,60,1,94702
389,3,16,60,1,94702
393,2,16,60,1,94702
401,2,16,60,1,94702
403,1,16,60,1,94702
404,4,16,60,1,94702
412,2,16,60,1,94702
414,4,16,60,1,94702
416,4,16,60,1,94702
417,3,16,60,1,94702
418,3,16,60,1,94702
419,4,16,60,1,94702
421,1,16,60,1,94702
423,4,16,60,1,94702
427,4,16,60,1,94702
428,4,16,60,1,94702
429,4,16,60,1,94702
430,4,16,60,1,94702
431,3,16,60,1,94702
432,4,16,60,1,94702
433,2,16,60,1,94702
434,3,16,60,1,94702
435,3,16,60,1,94702
436,3,16,60,1,94702
443,3,16,60,1,94702
445,2,16,60,1,94702
447,3,16,60,1,94702
448,3,16,60,1,94702
451,3,16,60,1,94702
462,4,16,60,1,94702
463,4,16,60,1,94702
464,4,16,60,1,94702
465,2,16,60,1,94702
466,4,16,60,1,94702
470,2,16,60,1,94702
471,3,16,60,1,94702
472,2,16,60,1,94702
473,5,16,60,1,94702
474,4,16,60,1,94702
477,1,16,60,1,94702
478,3,16,60,1,94702
479,5,16,60,1,94702
480,4,16,60,1,94702
481,5,16,60,1,94702
482,4,16,60,1,94702
483,5,16,60,1,94702
484,5,16,60,1,94702
485,3,16,60,1,94702
486,3,16,60,1,94702
487,3,16,60,1,94702
488,4,16,60,1,94702
489,3,16,60,1,94702
490,4,16,60,1,94702
491,4,16,60,1,94702
492,3,16,60,1,94702
493,3,16,60,1,94702
494,4,16,60,1,94702
495,4,16,60,1,94702
496,4,16,60,1,94702
497,4,16,60,1,94702
498,5,16,60,1,94702
499,4,16,60,1,94702
500,3,16,60,1,94702
501,4,16,60,1,94702
502,4,16,60,1,94702
503,2,16,60,1,94702
504,4,16,60,1,94702
505,4,16,60,1,94702
506,4,16,60,1,94702
507,4,16,60,1,94702
510,4,16,60,1,94702
511,5,16,60,1,94702
513,5,16,60,1,94702
515,5,16,60,1,94702
516,3,16,60,1,94702
517,3,16,60,1,94702
519,5,16,60,1,94702
520,4,16,60,1,94702
521,3,16,60,1,94702
523,4,16,60,1,94702
524,3,16,60,1,94702
525,4,16,60,1,94702
526,3,16,60,1,94702
527,3,16,60,1,94702
528,4,16,60,1,94702
530,4,16,60,1,94702
531,3,16,60,1,94702
546,1,16,60,1,94702
549,3,16,60,1,94702
550,2,16,60,1,94702
552,2,16,60,1,94702
557,1,16,60,1,94702
558,4,16,60,1,94702
566,2,16,60,1,94702
571,2,16,60,1,94702
582,4,16,60,1,94702
584,3,16,60,1,94702
588,3,16,60,1,94702
589,3,16,60,1,94702
591,3,16,60,1,94702
596,2,16,60,1,94702
601,3,16,60,1,94702
602,4,16,60,1,94702
603,4,16,60,1,94702
604,5,16,60,1,94702
605,3,16,60,1,94702
606,5,16,60,1,94702
607,4,16,60,1,94702
608,3,16,60,1,94702
609,3,16,60,1,94702
610,4,16,60,1,94702
611,5,16,60,1,94702
612,3,16,60,1,94702
613,4,16,60,1,94702
614,3,16,60,1,94702
615,5,16,60,1,94702
616,2,16,60,1,94702
617,3,16,60,1,94702
618,3,16,60,1,94702
619,2,16,60,1,94702
622,2,16,60,1,94702
623,2,16,60,1,94702
625,3,16,60,1,94702
626,4,16,60,1,94702
628,2,16,60,1,94702
629,4,16,60,1,94702
630,2,16,60,1,94702
631,3,16,60,1,94702
632,2,16,60,1,94702
634,4,16,60,1,94702
635,2,16,60,1,94702
636,3,16,60,1,94702
638,4,16,60,1,94702
641,4,16,60,1,94702
642,3,16,60,1,94702
646,3,16,60,1,94702
647,3,16,60,1,94702
648,3,16,60,1,94702
649,3,16,60,1,94702
650,3,16,60,1,94702
651,4,16,60,1,94702
653,3,16,60,1,94702
654,5,16,60,1,94702
655,3,16,60,1,94702
656,4,16,60,1,94702
657,4,16,60,1,94702
659,3,16,60,1,94702
660,4,16,60,1,94702
661,5,16,60,1,94702
662,3,16,60,1,94702
663,4,16,60,1,94702
671,3,16,60,1,94702
673,4,16,60,1,94702
675,4,16,60,1,94702
686,3,16,60,1,94702
692,3,16,60,1,94702
693,2,16,60,1,94702
694,3,16,60,1,94702
699,3,16,60,1,94702
702,2,16,60,1,94702
705,5,16,60,1,94702
709,4,16,60,1,94702
712,2,16,60,1,94702
724,4,16,60,1,94702
727,3,16,60,1,94702
731,2,16,60,1,94702
732,2,16,60,1,94702
735,3,16,60,1,94702
739,3,16,60,1,94702
745,4,16,60,1,94702
746,2,16,60,1,94702
747,3,16,60,1,94702
749,3,16,60,1,94702
751,2,16,60,1,94702
765,3,16,60,1,94702
768,2,16,60,1,94702
770,4,16,60,1,94702
781,2,16,60,1,94702
782,3,16,60,1,94702
785,3,16,60,1,94702
792,4,16,60,1,94702
806,2,16,60,1,94702
808,2,16,60,1,94702
832,2,16,60,1,94702
835,3,16,60,1,94702
836,4,16,60,1,94702
837,3,16,60,1,94702
842,4,16,60,1,94702
843,2,16,60,1,94702
844,2,16,60,1,94702
845,3,16,60,1,94702
847,4,16,60,1,94702
848,3,16,60,1,94702
850,2,16,60,1,94702
855,3,16,60,1,94702
863,5,16,60,1,94702
867,4,16,60,1,94702
872,2,16,60,1,94702
873,3,16,60,1,94702
874,1,16,60,1,94702
878,2,16,60,1,94702
887,3,16,60,1,94702
921,4,16,60,1,94702
923,4,16,60,1,94702
925,2,16,60,1,94702
927,4,16,60,1,94702
928,2,16,60,1,94702
929,1,16,60,1,94702
939,2,16,60,1,94702
942,3,16,60,1,94702
945,3,16,60,1,94702
950,2,16,60,1,94702
951,1,16,60,1,94702
956,3,16,60,1,94702
959,2,16,60,1,94702
963,3,16,60,1,94702
964,4,16,60,1,94702
965,3,16,60,1,94702
966,4,16,60,1,94702
970,4,16,60,1,94702
980,2,16,60,1,94702
984,2,16,60,1,94702
989,2,16,60,1,94702
1003,2,16,60,1,94702
1010,2,16,60,1,94702
1011,3,16,60,1,94702
1015,2,16,60,1,94702
1020,4,16,60,1,94702
1021,4,16,60,1,94702
1035,3,16,60,1,94702
1039,3,16,60,1,94702
1044,2,16,60,1,94702
1048,3,16,60,1,94702
1050,3,16,60,1,94702
1051,2,16,60,1,94702
1063,3,16,60,1,94702
1064,4,16,60,1,94702
1075,3,16,60,1,94702
1078,2,16,60,1,94702
1100,2,16,60,1,94702
1101,3,16,60,1,94702
1120,3,16,60,1,94702
1121,5,16,60,1,94702
1123,3,16,60,1,94702
1126,4,16,60,1,94702
1133,3,16,60,1,94702
1149,3,16,60,1,94702
1168,2,16,60,1,94702
1169,4,16,60,1,94702
1170,1,16,60,1,94702
1172,3,16,60,1,94702
1184,2,16,60,1,94702
1185,3,16,60,1,94702
1186,4,16,60,1,94702
1198,3,16,60,1,94702
1200,3,16,60,1,94702
1203,4,16,60,1,94702
1204,3,16,60,1,94702
1205,1,16,60,1,94702
1221,4,16,60,1,94702
1263,3,16,60,1,94702
1269,3,16,60,1,94702
1285,3,16,60,1,94702
1298,3,16,60,1,94702
1330,3,16,60,1,94702
1369,3,16,60,1,94702
1397,4,16,60,1,94702
1400,3,16,60,1,94702
1445,4,16,60,1,94702
1446,3,16,60,1,94702
1447,3,16,60,1,94702
1448,3,16,60,1,94702
1449,4,16,60,1,94702
1450,3,16,60,1,94702
1451,3,16,60,1,94702
1452,4,16,60,1,94702
1453,2,16,60,1,94702
1454,3,16,60,1,94702
1455,2,16,60,1,94702
1456,4,16,60,1,94702
1457,3,16,60,1,94702
1458,4,16,60,1,94702
1459,3,16,60,1,94702
1460,3,16,60,1,94702
1461,2,16,60,1,94702
1462,3,16,60,1,94702
1463,5,16,60,1,94702
1,5,11,29,0,20854
3,2,11,29,0,20854
4,4,11,29,0,20854
5,4,11,29,0,20854
7,4,11,29,0,20854
8,4,11,29,0,20854
9,4,11,29,0,20854
11,5,11,29,0,20854
12,5,11,29,0,20854
14,2,11,29,0,20854
15,5,11,29,0,20854
17,3,11,29,0,20854
25,5,11,29,0,20854
26,5,11,29,0,20854
28,4,11,29,0,20854
40,3,11,29,0,20854
47,1,11,29,0,20854
49,4,11,29,0,20854
50,4,11,29,0,20854
51,1,11,29,0,20854
52,4,11,29,0,20854
54,3,11,29,0,20854
56,5,11,29,0,20854
58,3,11,29,0,20854
63,3,11,29,0,20854
64,5,11,29,0,20854
66,4,11,29,0,20854
69,4,11,29,0,20854
70,4,11,29,0,20854
71,4,11,29,0,20854
73,4,11,29,0,20854
77,3,11,29,0,20854
79,4,11,29,0,20854
82,4,11,29,0,20854
86,4,11,29,0,20854
88,5,11,29,0,20854
91,3,11,29,0,20854
95,4,11,29,0,20854
97,5,11,29,0,20854
98,5,11,29,0,20854
100,4,11,29,0,20854
102,4,11,29,0,20854
111,4,11,29,0,20854
114,5,11,29,0,20854
117,4,11,29,0,20854
118,4,11,29,0,20854
120,4,11,29,0,20854
121,4,11,29,0,20854
122,2,11,29,0,20854
123,1,11,29,0,20854
124,4,11,29,0,20854
127,4,11,29,0,20854
131,3,11,29,0,20854
133,4,11,29,0,20854
137,4,11,29,0,20854
140,4,11,29,0,20854
143,4,11,29,0,20854
144,4,11,29,0,20854
151,4,11,29,0,20854
153,5,11,29,0,20854
155,4,11,29,0,20854
161,4,11,29,0,20854
168,4,11,29,0,20854
169,5,11,29,0,20854
172,4,11,29,0,20854
173,5,11,29,0,20854
174,4,11,29,0,20854
175,2,11,29,0,20854
181,4,11,29,0,20854
186,3,11,29,0,20854
189,5,11,29,0,20854
191,5,11,29,0,20854
196,4,11,29,0,20854
202,5,11,29,0,20854
203,4,11,29,0,20854
204,4,11,29,0,20854
208,5,11,29,0,20854
210,5,11,29,0,20854
211,4,11,29,0,20854
215,5,11,29,0,20854
216,5,11,29,0,20854
217,2,11,29,0,20854
222,4,11,29,0,20854
225,2,11,29,0,20854
226,3,11,29,0,20854
231,4,11,29,0,20854
235,3,11,29,0,20854
237,4,11,29,0,20854
238,2,11,29,0,20854
241,4,11,29,0,20854
248,4,11,29,0,20854
250,2,11,29,0,20854
252,4,11,29,0,20854
254,3,11,29,0,20854
257,4,11,29,0,20854
258,5,11,29,0,20854
269,5,11,29,0,20854
271,3,11,29,0,20854
272,5,11,29,0,20854
274,5,11,29,0,20854
275,4,11,29,0,20854
276,4,11,29,0,20854
277,1,11,29,0,20854
278,3,11,29,0,20854
280,3,11,29,0,20854
283,2,11,29,0,20854
284,5,11,29,0,20854
285,4,11,29,0,20854
286,4,11,29,0,20854
289,4,11,29,0,20854
290,4,11,29,0,20854
291,3,11,29,0,20854
294,5,11,29,0,20854
298,4,11,29,0,20854
300,5,11,29,0,20854
301,5,11,29,0,20854
302,4,11,29,0,20854
312,4,11,29,0,20854
313,5,11,29,0,20854
315,4,11,29,0,20854
316,5,11,29,0,20854
317,2,11,29,0,20854
318,5,11,29,0,20854
321,3,11,29,0,20854
323,3,11,29,0,20854
328,4,11,29,0,20854
336,4,11,29,0,20854
347,3,11,29,0,20854
354,4,11,29,0,20854
367,4,11,29,0,20854
371,4,11,29,0,20854
382,5,11,29,0,20854
385,5,11,29,0,20854
393,4,11,29,0,20854
402,4,11,29,0,20854
403,4,11,29,0,20854
405,4,11,29,0,20854
408,5,11,29,0,20854
409,3,11,29,0,20854
411,3,11,29,0,20854
418,4,11,29,0,20854
421,3,11,29,0,20854
423,4,11,29,0,20854
432,3,11,29,0,20854
471,3,11,29,0,20854
473,3,11,29,0,20854
479,4,11,29,0,20854
482,4,11,29,0,20854
486,4,11,29,0,20854
491,4,11,29,0,20854
496,5,11,29,0,20854
498,5,11,29,0,20854
501,4,11,29,0,20854
516,5,11,29,0,20854
531,4,11,29,0,20854
539,3,11,29,0,20854
542,3,11,29,0,20854
546,4,11,29,0,20854
550,3,11,29,0,20854
553,4,11,29,0,20854
559,1,11,29,0,20854
566,3,11,29,0,20854
568,4,11,29,0,20854
580,3,11,29,0,20854
581,3,11,29,0,20854
588,4,11,29,0,20854
591,5,11,29,0,20854
596,3,11,29,0,20854
597,3,11,29,0,20854
625,4,11,29,0,20854
628,3,11,29,0,20854
631,2,11,29,0,20854
648,5,11,29,0,20854
